Frame,Timestamp
frame_1698090472817,1698090472817
frame_1698090472886,1698090472886
frame_1698090472931,1698090472931
frame_1698090472982,1698090472982
frame_1698090473029,1698090473029
frame_1698090473086,1698090473086
frame_1698090473129,1698090473129
frame_1698090473178,1698090473178
frame_1698090473231,1698090473231
frame_1698090473280,1698090473280
frame_1698090473332,1698090473332
frame_1698090473378,1698090473378
frame_1698090473428,1698090473428
frame_1698090473499,1698090473499
frame_1698090473546,1698090473546
frame_1698090473595,1698090473595
frame_1698090473646,1698090473646
frame_1698090473696,1698090473696
frame_1698090473745,1698090473745
frame_1698090473795,1698090473795
frame_1698090473845,1698090473845
frame_1698090473896,1698090473896
frame_1698090473945,1698090473945
frame_1698090473998,1698090473998
frame_1698090474045,1698090474045
frame_1698090474100,1698090474100
frame_1698090474146,1698090474146
frame_1698090474197,1698090474197
frame_1698090474248,1698090474248
frame_1698090474297,1698090474297
frame_1698090474346,1698090474346
frame_1698090474399,1698090474399
frame_1698090474455,1698090474455
frame_1698090474501,1698090474501
frame_1698090474549,1698090474549
frame_1698090474597,1698090474597
frame_1698090474647,1698090474647
frame_1698090474701,1698090474701
frame_1698090474747,1698090474747
frame_1698090474796,1698090474796
frame_1698090474847,1698090474847
frame_1698090474898,1698090474898
frame_1698090474947,1698090474947
frame_1698090475001,1698090475001
frame_1698090475049,1698090475049
frame_1698090475100,1698090475100
frame_1698090475145,1698090475145
frame_1698090475197,1698090475197
frame_1698090475247,1698090475247
frame_1698090475310,1698090475310
frame_1698090475375,1698090475375
frame_1698090475442,1698090475442
frame_1698090475497,1698090475497
frame_1698090475548,1698090475548
frame_1698090475601,1698090475601
frame_1698090475651,1698090475651
frame_1698090475697,1698090475697
frame_1698090475749,1698090475749
frame_1698090475797,1698090475797
frame_1698090475847,1698090475847
frame_1698090475897,1698090475897
frame_1698090475954,1698090475954
frame_1698090476000,1698090476000
frame_1698090476050,1698090476050
frame_1698090476097,1698090476097
frame_1698090476147,1698090476147
frame_1698090476201,1698090476201
frame_1698090476249,1698090476249
frame_1698090476299,1698090476299
frame_1698090476347,1698090476347
frame_1698090476402,1698090476402
frame_1698090476448,1698090476448
frame_1698090476499,1698090476499
frame_1698090476553,1698090476553
frame_1698090476598,1698090476598
frame_1698090476648,1698090476648
frame_1698090476698,1698090476698
frame_1698090476748,1698090476748
frame_1698090476801,1698090476801
frame_1698090476849,1698090476849
frame_1698090476900,1698090476900
frame_1698090476951,1698090476951
frame_1698090476999,1698090476999
frame_1698090477049,1698090477049
frame_1698090477099,1698090477099
frame_1698090477154,1698090477154
frame_1698090477201,1698090477201
frame_1698090477249,1698090477249
frame_1698090477297,1698090477297
frame_1698090477348,1698090477348
frame_1698090477400,1698090477400
frame_1698090477447,1698090477447
frame_1698090477499,1698090477499
frame_1698090477549,1698090477549
frame_1698090477599,1698090477599
frame_1698090477651,1698090477651
frame_1698090477700,1698090477700
frame_1698090477756,1698090477756
frame_1698090477802,1698090477802
frame_1698090477850,1698090477850
frame_1698090477907,1698090477907
frame_1698090477952,1698090477952
frame_1698090478002,1698090478002
frame_1698090478053,1698090478053
frame_1698090478102,1698090478102
frame_1698090478156,1698090478156
frame_1698090478200,1698090478200
frame_1698090478253,1698090478253
frame_1698090478299,1698090478299
frame_1698090478356,1698090478356
frame_1698090478400,1698090478400
frame_1698090478450,1698090478450
frame_1698090478498,1698090478498
frame_1698090478550,1698090478550
frame_1698090478599,1698090478599
frame_1698090478650,1698090478650
frame_1698090478699,1698090478699
frame_1698090478755,1698090478755
frame_1698090478799,1698090478799
frame_1698090478850,1698090478850
frame_1698090478904,1698090478904
frame_1698090478956,1698090478956
frame_1698090479000,1698090479000
frame_1698090479049,1698090479049
frame_1698090479100,1698090479100
frame_1698090479150,1698090479150
frame_1698090479216,1698090479216
frame_1698090479271,1698090479271
frame_1698090479317,1698090479317
frame_1698090479367,1698090479367
frame_1698090479418,1698090479418
frame_1698090479467,1698090479467
frame_1698090479520,1698090479520
frame_1698090479572,1698090479572
frame_1698090479620,1698090479620
frame_1698090479672,1698090479672
frame_1698090479716,1698090479716
frame_1698090479767,1698090479767
frame_1698090479816,1698090479816
frame_1698090479866,1698090479866
frame_1698090479916,1698090479916
frame_1698090479967,1698090479967
frame_1698090480021,1698090480021
frame_1698090480069,1698090480069
frame_1698090480118,1698090480118
frame_1698090480174,1698090480174
frame_1698090480219,1698090480219
frame_1698090480268,1698090480268
frame_1698090480326,1698090480326
frame_1698090480367,1698090480367
frame_1698090480425,1698090480425
frame_1698090480479,1698090480479
frame_1698090480550,1698090480550
frame_1698090480632,1698090480632
frame_1698090480689,1698090480689
frame_1698090480752,1698090480752
frame_1698090480818,1698090480818
frame_1698090480896,1698090480896
frame_1698090480972,1698090480972
frame_1698090481040,1698090481040
frame_1698090481101,1698090481101
frame_1698090481173,1698090481173
frame_1698090481234,1698090481234
frame_1698090481309,1698090481309
frame_1698090481359,1698090481359
frame_1698090481414,1698090481414
frame_1698090481476,1698090481476
frame_1698090481532,1698090481532
frame_1698090481610,1698090481610
frame_1698090481687,1698090481687
frame_1698090481762,1698090481762
frame_1698090481846,1698090481846
frame_1698090481926,1698090481926
frame_1698090481989,1698090481989
frame_1698090482052,1698090482052
frame_1698090482107,1698090482107
frame_1698090482164,1698090482164
frame_1698090482237,1698090482237
frame_1698090482291,1698090482291
frame_1698090482367,1698090482367
frame_1698090482441,1698090482441
frame_1698090482503,1698090482503
frame_1698090482570,1698090482570
frame_1698090482627,1698090482627
frame_1698090482699,1698090482699
frame_1698090482775,1698090482775
frame_1698090482831,1698090482831
frame_1698090482905,1698090482905
frame_1698090482966,1698090482966
frame_1698090483034,1698090483034
frame_1698090483101,1698090483101
frame_1698090483166,1698090483166
frame_1698090483241,1698090483241
frame_1698090483318,1698090483318
frame_1698090483394,1698090483394
frame_1698090483445,1698090483445
frame_1698090483512,1698090483512
frame_1698090483565,1698090483565
frame_1698090483639,1698090483639
frame_1698090483703,1698090483703
frame_1698090483774,1698090483774
frame_1698090483831,1698090483831
frame_1698090483910,1698090483910
frame_1698090483978,1698090483978
frame_1698090484033,1698090484033
frame_1698090484131,1698090484131
frame_1698090484213,1698090484213
frame_1698090484274,1698090484274
frame_1698090484336,1698090484336
frame_1698090484406,1698090484406
frame_1698090484469,1698090484469
frame_1698090484536,1698090484536
frame_1698090484597,1698090484597
frame_1698090484664,1698090484664
frame_1698090484747,1698090484747
frame_1698090484834,1698090484834
frame_1698090484915,1698090484915
frame_1698090485008,1698090485008
frame_1698090485080,1698090485080
frame_1698090485164,1698090485164
frame_1698090485248,1698090485248
frame_1698090485327,1698090485327
frame_1698090485401,1698090485401
frame_1698090485475,1698090485475
frame_1698090485544,1698090485544
frame_1698090485603,1698090485603
frame_1698090485663,1698090485663
frame_1698090485708,1698090485708
frame_1698090485774,1698090485774
frame_1698090485857,1698090485857
frame_1698090485929,1698090485929
frame_1698090486009,1698090486009
frame_1698090486058,1698090486058
frame_1698090486112,1698090486112
frame_1698090486156,1698090486156
frame_1698090486207,1698090486207
frame_1698090486267,1698090486267
frame_1698090486331,1698090486331
frame_1698090486391,1698090486391
frame_1698090486462,1698090486462
frame_1698090486533,1698090486533
frame_1698090486611,1698090486611
frame_1698090486664,1698090486664
frame_1698090486715,1698090486715
frame_1698090486786,1698090486786
frame_1698090486859,1698090486859
frame_1698090486926,1698090486926
frame_1698090487004,1698090487004
frame_1698090487076,1698090487076
frame_1698090487125,1698090487125
frame_1698090487185,1698090487185
frame_1698090487261,1698090487261
frame_1698090487333,1698090487333
frame_1698090487416,1698090487416
frame_1698090487481,1698090487481
frame_1698090487530,1698090487530
frame_1698090487584,1698090487584
frame_1698090487668,1698090487668
frame_1698090487727,1698090487727
frame_1698090487793,1698090487793
frame_1698090487867,1698090487867
frame_1698090487939,1698090487939
frame_1698090488006,1698090488006
frame_1698090488077,1698090488077
frame_1698090488143,1698090488143
frame_1698090488210,1698090488210
frame_1698090488271,1698090488271
frame_1698090488332,1698090488332
frame_1698090488378,1698090488378
frame_1698090488444,1698090488444
frame_1698090488510,1698090488510
frame_1698090488582,1698090488582
frame_1698090488658,1698090488658
frame_1698090488732,1698090488732
frame_1698090488791,1698090488791
frame_1698090488866,1698090488866
frame_1698090488942,1698090488942
frame_1698090489017,1698090489017
frame_1698090489100,1698090489100
frame_1698090489182,1698090489182
frame_1698090489267,1698090489267
frame_1698090489332,1698090489332
frame_1698090489419,1698090489419
frame_1698090489501,1698090489501
frame_1698090489578,1698090489578
frame_1698090489645,1698090489645
frame_1698090489704,1698090489704
frame_1698090489781,1698090489781
frame_1698090489848,1698090489848
frame_1698090489933,1698090489933
frame_1698090489996,1698090489996
frame_1698090490065,1698090490065
frame_1698090490118,1698090490118
frame_1698090490204,1698090490204
frame_1698090490276,1698090490276
frame_1698090490340,1698090490340
frame_1698090490412,1698090490412
frame_1698090490490,1698090490490
frame_1698090490566,1698090490566
frame_1698090490638,1698090490638
frame_1698090490712,1698090490712
frame_1698090490780,1698090490780
frame_1698090490836,1698090490836
frame_1698090490904,1698090490904
frame_1698090490965,1698090490965
frame_1698090491013,1698090491013
frame_1698090491071,1698090491071
frame_1698090491136,1698090491136
frame_1698090491199,1698090491199
frame_1698090491250,1698090491250
frame_1698090491333,1698090491333
frame_1698090491409,1698090491409
frame_1698090491480,1698090491480
frame_1698090491549,1698090491549
frame_1698090491608,1698090491608
frame_1698090491683,1698090491683
frame_1698090491753,1698090491753
frame_1698090491821,1698090491821
frame_1698090491899,1698090491899
frame_1698090491950,1698090491950
frame_1698090492014,1698090492014
frame_1698090492074,1698090492074
frame_1698090492138,1698090492138
frame_1698090492220,1698090492220
frame_1698090492293,1698090492293
frame_1698090492362,1698090492362
frame_1698090492428,1698090492428
frame_1698090492503,1698090492503
frame_1698090492555,1698090492555
frame_1698090492625,1698090492625
frame_1698090492688,1698090492688
frame_1698090492762,1698090492762
frame_1698090492822,1698090492822
frame_1698090492888,1698090492888
frame_1698090492956,1698090492956
frame_1698090493016,1698090493016
frame_1698090493079,1698090493079
frame_1698090493146,1698090493146
frame_1698090493210,1698090493210
frame_1698090493278,1698090493278
frame_1698090493343,1698090493343
frame_1698090493401,1698090493401
frame_1698090493467,1698090493467
frame_1698090493527,1698090493527
frame_1698090493587,1698090493587
frame_1698090493642,1698090493642
frame_1698090493710,1698090493710
frame_1698090493771,1698090493771
frame_1698090493832,1698090493832
frame_1698090493901,1698090493901
frame_1698090493958,1698090493958
frame_1698090494027,1698090494027
frame_1698090494106,1698090494106
frame_1698090494190,1698090494190
frame_1698090494262,1698090494262
frame_1698090494337,1698090494337
frame_1698090494408,1698090494408
frame_1698090494478,1698090494478
frame_1698090494549,1698090494549
frame_1698090494610,1698090494610
frame_1698090494681,1698090494681
frame_1698090494755,1698090494755
frame_1698090494802,1698090494802
frame_1698090494854,1698090494854
frame_1698090494938,1698090494938
frame_1698090495017,1698090495017
frame_1698090495090,1698090495090
frame_1698090495161,1698090495161
frame_1698090495242,1698090495242
frame_1698090495313,1698090495313
frame_1698090495381,1698090495381
frame_1698090495438,1698090495438
frame_1698090495487,1698090495487
frame_1698090495544,1698090495544
frame_1698090495611,1698090495611
frame_1698090495681,1698090495681
frame_1698090495745,1698090495745
frame_1698090495810,1698090495810
frame_1698090495880,1698090495880
frame_1698090495954,1698090495954
frame_1698090496016,1698090496016
frame_1698090496082,1698090496082
frame_1698090496138,1698090496138
frame_1698090496185,1698090496185
frame_1698090496255,1698090496255
frame_1698090496325,1698090496325
frame_1698090496400,1698090496400
frame_1698090496463,1698090496463
frame_1698090496523,1698090496523
frame_1698090496589,1698090496589
frame_1698090496666,1698090496666
frame_1698090496720,1698090496720
frame_1698090496778,1698090496778
frame_1698090496858,1698090496858
frame_1698090496927,1698090496927
frame_1698090497001,1698090497001
frame_1698090497065,1698090497065
frame_1698090497122,1698090497122
frame_1698090497185,1698090497185
frame_1698090497252,1698090497252
frame_1698090497311,1698090497311
frame_1698090497380,1698090497380
frame_1698090497447,1698090497447
frame_1698090497510,1698090497510
frame_1698090497580,1698090497580
frame_1698090497647,1698090497647
frame_1698090497719,1698090497719
frame_1698090497780,1698090497780
frame_1698090497856,1698090497856
frame_1698090497951,1698090497951
frame_1698090498021,1698090498021
frame_1698090498083,1698090498083
frame_1698090498146,1698090498146
frame_1698090498206,1698090498206
frame_1698090498270,1698090498270
frame_1698090498332,1698090498332
frame_1698090498397,1698090498397
frame_1698090498462,1698090498462
frame_1698090498530,1698090498530
frame_1698090498597,1698090498597
frame_1698090498655,1698090498655
frame_1698090498723,1698090498723
frame_1698090498772,1698090498772
frame_1698090498833,1698090498833
frame_1698090498897,1698090498897
frame_1698090498967,1698090498967
frame_1698090499033,1698090499033
frame_1698090499097,1698090499097
frame_1698090499172,1698090499172
frame_1698090499231,1698090499231
frame_1698090499299,1698090499299
frame_1698090499356,1698090499356
frame_1698090499411,1698090499411
frame_1698090499480,1698090499480
frame_1698090499542,1698090499542
frame_1698090499596,1698090499596
frame_1698090499665,1698090499665
frame_1698090499734,1698090499734
frame_1698090499803,1698090499803
frame_1698090499869,1698090499869
frame_1698090499935,1698090499935
frame_1698090500009,1698090500009
frame_1698090500075,1698090500075
frame_1698090500128,1698090500128
frame_1698090500197,1698090500197
frame_1698090500272,1698090500272
frame_1698090500331,1698090500331
frame_1698090500398,1698090500398
frame_1698090500461,1698090500461
frame_1698090500538,1698090500538
frame_1698090500605,1698090500605
frame_1698090500658,1698090500658
frame_1698090500710,1698090500710
frame_1698090500783,1698090500783
frame_1698090500848,1698090500848
frame_1698090500912,1698090500912
frame_1698090500983,1698090500983
frame_1698090501057,1698090501057
frame_1698090501120,1698090501120
frame_1698090501189,1698090501189
frame_1698090501257,1698090501257
frame_1698090501320,1698090501320
frame_1698090501393,1698090501393
frame_1698090501472,1698090501472
frame_1698090501544,1698090501544
frame_1698090501625,1698090501625
frame_1698090501693,1698090501693
frame_1698090501756,1698090501756
frame_1698090501820,1698090501820
frame_1698090501898,1698090501898
frame_1698090501975,1698090501975
frame_1698090502035,1698090502035
frame_1698090502110,1698090502110
frame_1698090502171,1698090502171
frame_1698090502240,1698090502240
frame_1698090502298,1698090502298
frame_1698090502369,1698090502369
frame_1698090502430,1698090502430
frame_1698090502494,1698090502494
frame_1698090502553,1698090502553
frame_1698090502622,1698090502622
frame_1698090502685,1698090502685
frame_1698090502748,1698090502748
frame_1698090502821,1698090502821
frame_1698090502879,1698090502879
frame_1698090502950,1698090502950
frame_1698090503016,1698090503016
frame_1698090503084,1698090503084
frame_1698090503148,1698090503148
frame_1698090503223,1698090503223
frame_1698090503275,1698090503275
frame_1698090503333,1698090503333
frame_1698090503397,1698090503397
frame_1698090503480,1698090503480
frame_1698090503552,1698090503552
frame_1698090503615,1698090503615
frame_1698090503680,1698090503680
frame_1698090503747,1698090503747
frame_1698090503808,1698090503808
frame_1698090503869,1698090503869
frame_1698090503941,1698090503941
frame_1698090504013,1698090504013
frame_1698090504072,1698090504072
frame_1698090504131,1698090504131
frame_1698090504195,1698090504195
frame_1698090504283,1698090504283
frame_1698090504350,1698090504350
frame_1698090504408,1698090504408
frame_1698090504466,1698090504466
frame_1698090504537,1698090504537
frame_1698090504604,1698090504604
frame_1698090504670,1698090504670
frame_1698090504727,1698090504727
frame_1698090504786,1698090504786
frame_1698090504851,1698090504851
frame_1698090504913,1698090504913
frame_1698090504978,1698090504978
frame_1698090505040,1698090505040
frame_1698090505101,1698090505101
frame_1698090505170,1698090505170
frame_1698090505235,1698090505235
frame_1698090505307,1698090505307
frame_1698090505361,1698090505361
frame_1698090505413,1698090505413
frame_1698090505459,1698090505459
frame_1698090505526,1698090505526
frame_1698090505595,1698090505595
frame_1698090505652,1698090505652
frame_1698090505725,1698090505725
frame_1698090505788,1698090505788
frame_1698090505847,1698090505847
frame_1698090505920,1698090505920
frame_1698090505982,1698090505982
frame_1698090506062,1698090506062
frame_1698090506121,1698090506121
frame_1698090506180,1698090506180
frame_1698090506233,1698090506233
frame_1698090506311,1698090506311
frame_1698090506372,1698090506372
frame_1698090506440,1698090506440
frame_1698090506503,1698090506503
frame_1698090506587,1698090506587
frame_1698090506660,1698090506660
frame_1698090506723,1698090506723
frame_1698090506776,1698090506776
frame_1698090506836,1698090506836
frame_1698090506899,1698090506899
frame_1698090506971,1698090506971
frame_1698090507025,1698090507025
frame_1698090507088,1698090507088
frame_1698090507156,1698090507156
frame_1698090507215,1698090507215
frame_1698090507271,1698090507271
frame_1698090507354,1698090507354
frame_1698090507440,1698090507440
frame_1698090507508,1698090507508
frame_1698090507575,1698090507575
frame_1698090507640,1698090507640
frame_1698090507698,1698090507698
frame_1698090507742,1698090507742
frame_1698090507804,1698090507804
frame_1698090507870,1698090507870
frame_1698090507932,1698090507932
frame_1698090508011,1698090508011
frame_1698090508067,1698090508067
frame_1698090508146,1698090508146
frame_1698090508206,1698090508206
frame_1698090508270,1698090508270
frame_1698090508334,1698090508334
frame_1698090508402,1698090508402
frame_1698090508476,1698090508476
frame_1698090508535,1698090508535
frame_1698090508612,1698090508612
frame_1698090508669,1698090508669
frame_1698090508737,1698090508737
frame_1698090508806,1698090508806
frame_1698090508874,1698090508874
frame_1698090508950,1698090508950
frame_1698090509023,1698090509023
frame_1698090509086,1698090509086
frame_1698090509145,1698090509145
frame_1698090509205,1698090509205
frame_1698090509265,1698090509265
frame_1698090509326,1698090509326
frame_1698090509383,1698090509383
frame_1698090509437,1698090509437
frame_1698090509503,1698090509503
frame_1698090509566,1698090509566
frame_1698090509641,1698090509641
frame_1698090509708,1698090509708
frame_1698090509766,1698090509766
frame_1698090509833,1698090509833
frame_1698090509892,1698090509892
frame_1698090509948,1698090509948
frame_1698090509997,1698090509997
frame_1698090510058,1698090510058
frame_1698090510122,1698090510122
frame_1698090510200,1698090510200
frame_1698090510267,1698090510267
frame_1698090510328,1698090510328
frame_1698090510413,1698090510413
frame_1698090510515,1698090510515
frame_1698090510577,1698090510577
frame_1698090510644,1698090510644
frame_1698090510708,1698090510708
frame_1698090510774,1698090510774
frame_1698090510841,1698090510841
frame_1698090510905,1698090510905
frame_1698090510973,1698090510973
frame_1698090511040,1698090511040
frame_1698090511106,1698090511106
frame_1698090511177,1698090511177
frame_1698090511242,1698090511242
frame_1698090511320,1698090511320
frame_1698090511385,1698090511385
frame_1698090511440,1698090511440
frame_1698090511508,1698090511508
frame_1698090511568,1698090511568
frame_1698090511628,1698090511628
frame_1698090511688,1698090511688
frame_1698090511750,1698090511750
frame_1698090511807,1698090511807
frame_1698090511884,1698090511884
frame_1698090511954,1698090511954
frame_1698090512027,1698090512027
frame_1698090512105,1698090512105
frame_1698090512178,1698090512178
frame_1698090512245,1698090512245
frame_1698090512310,1698090512310
frame_1698090512380,1698090512380
frame_1698090512443,1698090512443
frame_1698090512504,1698090512504
frame_1698090512578,1698090512578
frame_1698090512653,1698090512653
frame_1698090512729,1698090512729
frame_1698090512800,1698090512800
frame_1698090512872,1698090512872
frame_1698090512989,1698090512989
frame_1698090513059,1698090513059
frame_1698090513124,1698090513124
frame_1698090513187,1698090513187
frame_1698090513251,1698090513251
frame_1698090513310,1698090513310
frame_1698090513379,1698090513379
frame_1698090513456,1698090513456
frame_1698090513536,1698090513536
frame_1698090513617,1698090513617
frame_1698090513682,1698090513682
frame_1698090513747,1698090513747
frame_1698090513808,1698090513808
frame_1698090513885,1698090513885
frame_1698090513938,1698090513938
frame_1698090514013,1698090514013
frame_1698090514072,1698090514072
frame_1698090514142,1698090514142
frame_1698090514209,1698090514209
frame_1698090514282,1698090514282
frame_1698090514343,1698090514343
frame_1698090514409,1698090514409
frame_1698090514482,1698090514482
frame_1698090514542,1698090514542
frame_1698090514617,1698090514617
frame_1698090514669,1698090514669
frame_1698090514727,1698090514727
frame_1698090514797,1698090514797
frame_1698090514872,1698090514872
frame_1698090514947,1698090514947
frame_1698090515010,1698090515010
frame_1698090515070,1698090515070
frame_1698090515119,1698090515119
frame_1698090515172,1698090515172
frame_1698090515246,1698090515246
frame_1698090515314,1698090515314
frame_1698090515384,1698090515384
frame_1698090515438,1698090515438
frame_1698090515508,1698090515508
frame_1698090515585,1698090515585
frame_1698090515650,1698090515650
frame_1698090515715,1698090515715
frame_1698090515777,1698090515777
frame_1698090515848,1698090515848
frame_1698090515903,1698090515903
frame_1698090515957,1698090515957
frame_1698090516028,1698090516028
frame_1698090516102,1698090516102
frame_1698090516161,1698090516161
frame_1698090516234,1698090516234
frame_1698090516290,1698090516290
frame_1698090516359,1698090516359
frame_1698090516426,1698090516426
frame_1698090516494,1698090516494
frame_1698090516566,1698090516566
frame_1698090516625,1698090516625
frame_1698090516698,1698090516698
frame_1698090516769,1698090516769
frame_1698090516829,1698090516829
frame_1698090516893,1698090516893
frame_1698090516970,1698090516970
frame_1698090517032,1698090517032
frame_1698090517087,1698090517087
frame_1698090517150,1698090517150
frame_1698090517203,1698090517203
frame_1698090517261,1698090517261
frame_1698090517335,1698090517335
frame_1698090517391,1698090517391
frame_1698090517440,1698090517440
frame_1698090517503,1698090517503
frame_1698090517556,1698090517556
frame_1698090517631,1698090517631
frame_1698090517716,1698090517716
frame_1698090517780,1698090517780
frame_1698090517854,1698090517854
frame_1698090517908,1698090517908
frame_1698090517972,1698090517972
frame_1698090518025,1698090518025
frame_1698090518096,1698090518096
frame_1698090518165,1698090518165
frame_1698090518226,1698090518226
frame_1698090518297,1698090518297
frame_1698090518375,1698090518375
frame_1698090518445,1698090518445
frame_1698090518522,1698090518522
frame_1698090518581,1698090518581
frame_1698090518645,1698090518645
frame_1698090518706,1698090518706
frame_1698090518763,1698090518763
frame_1698090518832,1698090518832
frame_1698090518901,1698090518901
frame_1698090518966,1698090518966
frame_1698090519036,1698090519036
frame_1698090519106,1698090519106
frame_1698090519169,1698090519169
frame_1698090519239,1698090519239
frame_1698090519316,1698090519316
frame_1698090519387,1698090519387
frame_1698090519459,1698090519459
frame_1698090519534,1698090519534
frame_1698090519611,1698090519611
frame_1698090519692,1698090519692
frame_1698090519763,1698090519763
frame_1698090519880,1698090519880
frame_1698090519970,1698090519970
frame_1698090520048,1698090520048
frame_1698090520137,1698090520137
frame_1698090520217,1698090520217
frame_1698090520317,1698090520317
frame_1698090520404,1698090520404
frame_1698090520482,1698090520482
frame_1698090520585,1698090520585
frame_1698090520676,1698090520676
frame_1698090520772,1698090520772
frame_1698090520837,1698090520837
frame_1698090520913,1698090520913
frame_1698090520992,1698090520992
frame_1698090521077,1698090521077
frame_1698090521169,1698090521169
frame_1698090521251,1698090521251
frame_1698090521335,1698090521335
frame_1698090521416,1698090521416
frame_1698090521495,1698090521495
frame_1698090521575,1698090521575
frame_1698090521650,1698090521650
frame_1698090521733,1698090521733
frame_1698090521816,1698090521816
frame_1698090521894,1698090521894
frame_1698090521984,1698090521984
frame_1698090522065,1698090522065
frame_1698090522143,1698090522143
frame_1698090522211,1698090522211
frame_1698090522316,1698090522316
frame_1698090522402,1698090522402
frame_1698090522480,1698090522480
frame_1698090522566,1698090522566
frame_1698090522645,1698090522645
frame_1698090522739,1698090522739
frame_1698090522814,1698090522814
frame_1698090522900,1698090522900
frame_1698090522987,1698090522987
frame_1698090523079,1698090523079
frame_1698090523170,1698090523170
frame_1698090523258,1698090523258
frame_1698090523371,1698090523371
frame_1698090523456,1698090523456
frame_1698090523536,1698090523536
frame_1698090523621,1698090523621
frame_1698090523711,1698090523711
frame_1698090523800,1698090523800
frame_1698090523896,1698090523896
frame_1698090523985,1698090523985
frame_1698090524074,1698090524074
frame_1698090524160,1698090524160
frame_1698090524243,1698090524243
frame_1698090524332,1698090524332
frame_1698090524452,1698090524452
frame_1698090524541,1698090524541
frame_1698090524620,1698090524620
frame_1698090524697,1698090524697
frame_1698090524793,1698090524793
frame_1698090524873,1698090524873
frame_1698090524953,1698090524953
frame_1698090525078,1698090525078
frame_1698090525184,1698090525184
frame_1698090525301,1698090525301
frame_1698090525400,1698090525400
frame_1698090525497,1698090525497
frame_1698090525611,1698090525611
frame_1698090525705,1698090525705
frame_1698090525786,1698090525786
frame_1698090525872,1698090525872
frame_1698090525960,1698090525960
frame_1698090526049,1698090526049
frame_1698090526151,1698090526151
frame_1698090526254,1698090526254
frame_1698090526346,1698090526346
frame_1698090526444,1698090526444
frame_1698090526517,1698090526517
frame_1698090526606,1698090526606
frame_1698090526709,1698090526709
frame_1698090526850,1698090526850
frame_1698090526966,1698090526966
frame_1698090527080,1698090527080
frame_1698090527188,1698090527188
frame_1698090527296,1698090527296
frame_1698090527408,1698090527408
frame_1698090527499,1698090527499
frame_1698090527585,1698090527585
frame_1698090527682,1698090527682
frame_1698090527778,1698090527778
frame_1698090527849,1698090527849
frame_1698090527957,1698090527957
frame_1698090528056,1698090528056
frame_1698090528141,1698090528141
frame_1698090528251,1698090528251
frame_1698090528343,1698090528343
frame_1698090528429,1698090528429
frame_1698090528515,1698090528515
frame_1698090528603,1698090528603
frame_1698090528692,1698090528692
frame_1698090528772,1698090528772
frame_1698090528862,1698090528862
frame_1698090528957,1698090528957
frame_1698090529052,1698090529052
frame_1698090529143,1698090529143
frame_1698090529233,1698090529233
frame_1698090529337,1698090529337
frame_1698090529427,1698090529427
frame_1698090529510,1698090529510
frame_1698090529599,1698090529599
frame_1698090529690,1698090529690
frame_1698090529788,1698090529788
frame_1698090529884,1698090529884
frame_1698090529986,1698090529986
frame_1698090530072,1698090530072
frame_1698090530162,1698090530162
frame_1698090530252,1698090530252
frame_1698090530345,1698090530345
frame_1698090530430,1698090530430
frame_1698090530519,1698090530519
frame_1698090530602,1698090530602
frame_1698090530703,1698090530703
frame_1698090530801,1698090530801
frame_1698090530904,1698090530904
frame_1698090530990,1698090530990
frame_1698090531069,1698090531069
frame_1698090531158,1698090531158
frame_1698090531258,1698090531258
frame_1698090531349,1698090531349
frame_1698090531461,1698090531461
frame_1698090531536,1698090531536
frame_1698090531627,1698090531627
frame_1698090531707,1698090531707
frame_1698090531795,1698090531795
frame_1698090531874,1698090531874
frame_1698090531961,1698090531961
frame_1698090532049,1698090532049
frame_1698090532140,1698090532140
frame_1698090532235,1698090532235
frame_1698090532337,1698090532337
frame_1698090532432,1698090532432
frame_1698090532516,1698090532516
frame_1698090532593,1698090532593
frame_1698090532676,1698090532676
frame_1698090532763,1698090532763
frame_1698090532835,1698090532835
frame_1698090532922,1698090532922
frame_1698090533009,1698090533009
frame_1698090533096,1698090533096
frame_1698090533169,1698090533169
frame_1698090533258,1698090533258
frame_1698090533360,1698090533360
frame_1698090533441,1698090533441
frame_1698090533517,1698090533517
frame_1698090533607,1698090533607
frame_1698090533692,1698090533692
frame_1698090533777,1698090533777
frame_1698090533875,1698090533875
frame_1698090533961,1698090533961
frame_1698090534051,1698090534051
frame_1698090534149,1698090534149
frame_1698090534226,1698090534226
frame_1698090534337,1698090534337
frame_1698090534462,1698090534462
frame_1698090534550,1698090534550
frame_1698090534626,1698090534626
frame_1698090534709,1698090534709
frame_1698090534806,1698090534806
frame_1698090534898,1698090534898
frame_1698090534986,1698090534986
frame_1698090535053,1698090535053
frame_1698090535144,1698090535144
frame_1698090535221,1698090535221
frame_1698090535312,1698090535312
frame_1698090535386,1698090535386
frame_1698090535492,1698090535492
frame_1698090535573,1698090535573
frame_1698090535656,1698090535656
frame_1698090535739,1698090535739
frame_1698090535824,1698090535824
frame_1698090535904,1698090535904
frame_1698090535973,1698090535973
frame_1698090536052,1698090536052
frame_1698090536157,1698090536157
frame_1698090536246,1698090536246
frame_1698090536333,1698090536333
frame_1698090536405,1698090536405
frame_1698090536488,1698090536488
frame_1698090536573,1698090536573
frame_1698090536666,1698090536666
frame_1698090536743,1698090536743
frame_1698090536816,1698090536816
frame_1698090536892,1698090536892
frame_1698090536970,1698090536970
frame_1698090537040,1698090537040
frame_1698090537127,1698090537127
frame_1698090537208,1698090537208
frame_1698090537288,1698090537288
frame_1698090537382,1698090537382
frame_1698090537480,1698090537480
frame_1698090537562,1698090537562
frame_1698090537644,1698090537644
frame_1698090537729,1698090537729
frame_1698090537811,1698090537811
frame_1698090537888,1698090537888
frame_1698090537951,1698090537951
frame_1698090538027,1698090538027
frame_1698090538101,1698090538101
frame_1698090538169,1698090538169
frame_1698090538239,1698090538239
frame_1698090538321,1698090538321
frame_1698090538401,1698090538401
frame_1698090538476,1698090538476
frame_1698090538576,1698090538576
frame_1698090538668,1698090538668
frame_1698090538739,1698090538739
frame_1698090538832,1698090538832
frame_1698090538914,1698090538914
frame_1698090539006,1698090539006
frame_1698090539082,1698090539082
frame_1698090539157,1698090539157
frame_1698090539246,1698090539246
frame_1698090539322,1698090539322
frame_1698090539415,1698090539415
frame_1698090539492,1698090539492
frame_1698090539581,1698090539581
frame_1698090539665,1698090539665
frame_1698090539741,1698090539741
frame_1698090539806,1698090539806
frame_1698090539873,1698090539873
frame_1698090539946,1698090539946
frame_1698090540027,1698090540027
frame_1698090540116,1698090540116
frame_1698090540189,1698090540189
frame_1698090540264,1698090540264
frame_1698090540359,1698090540359
frame_1698090540447,1698090540447
frame_1698090540538,1698090540538
frame_1698090540615,1698090540615
frame_1698090540709,1698090540709
frame_1698090540802,1698090540802
frame_1698090540889,1698090540889
frame_1698090540964,1698090540964
frame_1698090541048,1698090541048
frame_1698090541135,1698090541135
frame_1698090541205,1698090541205
frame_1698090541281,1698090541281
frame_1698090541367,1698090541367
frame_1698090541438,1698090541438
frame_1698090541515,1698090541515
frame_1698090541591,1698090541591
frame_1698090541658,1698090541658
frame_1698090541746,1698090541746
frame_1698090541826,1698090541826
frame_1698090541901,1698090541901
frame_1698090541984,1698090541984
frame_1698090542062,1698090542062
frame_1698090542146,1698090542146
frame_1698090542233,1698090542233
frame_1698090542319,1698090542319
frame_1698090542390,1698090542390
frame_1698090542458,1698090542458
frame_1698090542521,1698090542521
frame_1698090542586,1698090542586
frame_1698090542660,1698090542660
frame_1698090542753,1698090542753
frame_1698090542834,1698090542834
frame_1698090542926,1698090542926
frame_1698090543008,1698090543008
frame_1698090543077,1698090543077
frame_1698090543158,1698090543158
frame_1698090543239,1698090543239
frame_1698090543308,1698090543308
frame_1698090543381,1698090543381
frame_1698090543461,1698090543461
frame_1698090543542,1698090543542
frame_1698090543605,1698090543605
frame_1698090543680,1698090543680
frame_1698090543756,1698090543756
frame_1698090543825,1698090543825
frame_1698090543897,1698090543897
frame_1698090543979,1698090543979
frame_1698090544065,1698090544065
frame_1698090544180,1698090544180
frame_1698090544265,1698090544265
frame_1698090544360,1698090544360
frame_1698090544458,1698090544458
frame_1698090544551,1698090544551
frame_1698090544621,1698090544621
frame_1698090544696,1698090544696
frame_1698090544775,1698090544775
frame_1698090544846,1698090544846
frame_1698090544933,1698090544933
frame_1698090545012,1698090545012
frame_1698090545091,1698090545091
frame_1698090545173,1698090545173
frame_1698090545249,1698090545249
frame_1698090545327,1698090545327
frame_1698090545398,1698090545398
frame_1698090545468,1698090545468
frame_1698090545554,1698090545554
frame_1698090545627,1698090545627
frame_1698090545694,1698090545694
frame_1698090545762,1698090545762
frame_1698090545842,1698090545842
frame_1698090545911,1698090545911
frame_1698090545979,1698090545979
frame_1698090546074,1698090546074
frame_1698090546136,1698090546136
frame_1698090546212,1698090546212
frame_1698090546276,1698090546276
frame_1698090546342,1698090546342
frame_1698090546414,1698090546414
frame_1698090546496,1698090546496
frame_1698090546563,1698090546563
frame_1698090546642,1698090546642
frame_1698090546708,1698090546708
frame_1698090546776,1698090546776
frame_1698090546845,1698090546845
frame_1698090546920,1698090546920
frame_1698090546991,1698090546991
frame_1698090547071,1698090547071
frame_1698090547148,1698090547148
frame_1698090547223,1698090547223
frame_1698090547297,1698090547297
frame_1698090547377,1698090547377
frame_1698090547447,1698090547447
frame_1698090547526,1698090547526
frame_1698090547590,1698090547590
frame_1698090547668,1698090547668
frame_1698090547757,1698090547757
frame_1698090547850,1698090547850
frame_1698090547933,1698090547933
frame_1698090548012,1698090548012
frame_1698090548089,1698090548089
frame_1698090548158,1698090548158
frame_1698090548232,1698090548232
frame_1698090548316,1698090548316
frame_1698090548395,1698090548395
frame_1698090548464,1698090548464
frame_1698090548555,1698090548555
frame_1698090548633,1698090548633
frame_1698090548721,1698090548721
frame_1698090548804,1698090548804
frame_1698090548881,1698090548881
frame_1698090548969,1698090548969
frame_1698090549057,1698090549057
frame_1698090549125,1698090549125
frame_1698090549199,1698090549199
frame_1698090549286,1698090549286
frame_1698090549365,1698090549365
frame_1698090549445,1698090549445
frame_1698090549515,1698090549515
frame_1698090549581,1698090549581
frame_1698090549653,1698090549653
frame_1698090549745,1698090549745
frame_1698090549815,1698090549815
frame_1698090549898,1698090549898
frame_1698090549964,1698090549964
frame_1698090550025,1698090550025
frame_1698090550093,1698090550093
frame_1698090550163,1698090550163
frame_1698090550235,1698090550235
frame_1698090550313,1698090550313
frame_1698090550378,1698090550378
frame_1698090550447,1698090550447
frame_1698090550517,1698090550517
frame_1698090550614,1698090550614
frame_1698090550682,1698090550682
frame_1698090550766,1698090550766
frame_1698090550834,1698090550834
frame_1698090550909,1698090550909
frame_1698090550979,1698090550979
frame_1698090551047,1698090551047
frame_1698090551115,1698090551115
frame_1698090551181,1698090551181
frame_1698090551240,1698090551240
frame_1698090551316,1698090551316
frame_1698090551376,1698090551376
frame_1698090551459,1698090551459
frame_1698090551536,1698090551536
frame_1698090551628,1698090551628
frame_1698090551708,1698090551708
frame_1698090551789,1698090551789
frame_1698090551880,1698090551880
frame_1698090551958,1698090551958
frame_1698090552034,1698090552034
frame_1698090552112,1698090552112
frame_1698090552181,1698090552181
frame_1698090552257,1698090552257
frame_1698090552338,1698090552338
frame_1698090552432,1698090552432
frame_1698090552504,1698090552504
frame_1698090552592,1698090552592
frame_1698090552666,1698090552666
frame_1698090552738,1698090552738
frame_1698090552814,1698090552814
frame_1698090552890,1698090552890
frame_1698090552978,1698090552978
frame_1698090553053,1698090553053
frame_1698090553140,1698090553140
frame_1698090553220,1698090553220
frame_1698090553303,1698090553303
frame_1698090553401,1698090553401
frame_1698090553480,1698090553480
frame_1698090553552,1698090553552
frame_1698090553642,1698090553642
frame_1698090553728,1698090553728
frame_1698090553799,1698090553799
frame_1698090553869,1698090553869
frame_1698090553955,1698090553955
frame_1698090554030,1698090554030
frame_1698090554110,1698090554110
frame_1698090554197,1698090554197
frame_1698090554278,1698090554278
frame_1698090554374,1698090554374
frame_1698090554461,1698090554461
frame_1698090554538,1698090554538
frame_1698090554627,1698090554627
frame_1698090554705,1698090554705
frame_1698090554789,1698090554789
frame_1698090554874,1698090554874
frame_1698090554970,1698090554970
frame_1698090555042,1698090555042
frame_1698090555119,1698090555119
frame_1698090555195,1698090555195
frame_1698090555272,1698090555272
frame_1698090555359,1698090555359
frame_1698090555456,1698090555456
frame_1698090555544,1698090555544
frame_1698090555650,1698090555650
frame_1698090555732,1698090555732
frame_1698090555810,1698090555810
frame_1698090555904,1698090555904
frame_1698090555994,1698090555994
frame_1698090556085,1698090556085
frame_1698090556161,1698090556161
frame_1698090556242,1698090556242
frame_1698090556325,1698090556325
frame_1698090556411,1698090556411
frame_1698090556485,1698090556485
frame_1698090556552,1698090556552
frame_1698090556622,1698090556622
frame_1698090556699,1698090556699
frame_1698090556777,1698090556777
frame_1698090556853,1698090556853
frame_1698090556925,1698090556925
frame_1698090557008,1698090557008
frame_1698090557089,1698090557089
frame_1698090557168,1698090557168
frame_1698090557238,1698090557238
frame_1698090557314,1698090557314
frame_1698090557402,1698090557402
frame_1698090557477,1698090557477
frame_1698090557557,1698090557557
frame_1698090557644,1698090557644
frame_1698090557721,1698090557721
frame_1698090557810,1698090557810
frame_1698090557891,1698090557891
frame_1698090557972,1698090557972
frame_1698090558039,1698090558039
frame_1698090558102,1698090558102
frame_1698090558170,1698090558170
frame_1698090558258,1698090558258
frame_1698090558336,1698090558336
frame_1698090558409,1698090558409
frame_1698090558493,1698090558493
frame_1698090558572,1698090558572
frame_1698090558658,1698090558658
frame_1698090558724,1698090558724
frame_1698090558810,1698090558810
frame_1698090558893,1698090558893
frame_1698090558985,1698090558985
frame_1698090559064,1698090559064
frame_1698090559176,1698090559176
frame_1698090559277,1698090559277
frame_1698090559366,1698090559366
frame_1698090559456,1698090559456
frame_1698090559558,1698090559558
frame_1698090559689,1698090559689
frame_1698090559794,1698090559794
frame_1698090559883,1698090559883
frame_1698090559968,1698090559968
frame_1698090560066,1698090560066
frame_1698090560157,1698090560157
frame_1698090560257,1698090560257
frame_1698090560348,1698090560348
frame_1698090560450,1698090560450
frame_1698090560536,1698090560536
frame_1698090560617,1698090560617
frame_1698090560705,1698090560705
frame_1698090560785,1698090560785
frame_1698090560870,1698090560870
frame_1698090560970,1698090560970
frame_1698090561058,1698090561058
frame_1698090561156,1698090561156
frame_1698090561243,1698090561243
frame_1698090561331,1698090561331
frame_1698090561398,1698090561398
frame_1698090561494,1698090561494
frame_1698090561576,1698090561576
frame_1698090561661,1698090561661
frame_1698090561750,1698090561750
frame_1698090561839,1698090561839
frame_1698090561931,1698090561931
frame_1698090562020,1698090562020
frame_1698090562102,1698090562102
frame_1698090562187,1698090562187
frame_1698090562273,1698090562273
frame_1698090562353,1698090562353
frame_1698090562433,1698090562433
frame_1698090562530,1698090562530
frame_1698090562611,1698090562611
frame_1698090562700,1698090562700
frame_1698090562788,1698090562788
frame_1698090562859,1698090562859
frame_1698090562921,1698090562921
frame_1698090563003,1698090563003
frame_1698090563085,1698090563085
frame_1698090563162,1698090563162
frame_1698090563265,1698090563265
frame_1698090563362,1698090563362
frame_1698090563460,1698090563460
frame_1698090563567,1698090563567
frame_1698090563659,1698090563659
frame_1698090563734,1698090563734
frame_1698090563815,1698090563815
frame_1698090563900,1698090563900
frame_1698090563974,1698090563974
frame_1698090564046,1698090564046
frame_1698090564132,1698090564132
frame_1698090564220,1698090564220
frame_1698090564296,1698090564296
frame_1698090564376,1698090564376
frame_1698090564454,1698090564454
frame_1698090564543,1698090564543
frame_1698090564622,1698090564622
frame_1698090564692,1698090564692
frame_1698090564766,1698090564766
frame_1698090564850,1698090564850
frame_1698090564936,1698090564936
frame_1698090565023,1698090565023
frame_1698090565103,1698090565103
frame_1698090565178,1698090565178
frame_1698090565264,1698090565264
frame_1698090565349,1698090565349
frame_1698090565440,1698090565440
frame_1698090565538,1698090565538
frame_1698090565608,1698090565608
frame_1698090565674,1698090565674
frame_1698090565747,1698090565747
frame_1698090565833,1698090565833
frame_1698090565920,1698090565920
frame_1698090566009,1698090566009
frame_1698090566086,1698090566086
frame_1698090566163,1698090566163
frame_1698090566247,1698090566247
frame_1698090566327,1698090566327
frame_1698090566402,1698090566402
frame_1698090566496,1698090566496
frame_1698090566578,1698090566578
frame_1698090566641,1698090566641
frame_1698090566714,1698090566714
frame_1698090566802,1698090566802
frame_1698090566883,1698090566883
frame_1698090566965,1698090566965
frame_1698090567047,1698090567047
frame_1698090567114,1698090567114
frame_1698090567195,1698090567195
frame_1698090567267,1698090567267
frame_1698090567351,1698090567351
frame_1698090567448,1698090567448
frame_1698090567530,1698090567530
frame_1698090567600,1698090567600
frame_1698090567694,1698090567694
frame_1698090567773,1698090567773
frame_1698090567845,1698090567845
frame_1698090567917,1698090567917
frame_1698090568000,1698090568000
frame_1698090568077,1698090568077
frame_1698090568156,1698090568156
frame_1698090568240,1698090568240
frame_1698090568321,1698090568321
frame_1698090568407,1698090568407
frame_1698090568483,1698090568483
frame_1698090568569,1698090568569
frame_1698090568645,1698090568645
frame_1698090568720,1698090568720
frame_1698090568809,1698090568809
frame_1698090568884,1698090568884
frame_1698090568969,1698090568969
frame_1698090569050,1698090569050
frame_1698090569138,1698090569138
frame_1698090569221,1698090569221
frame_1698090569298,1698090569298
frame_1698090569388,1698090569388
frame_1698090569469,1698090569469
frame_1698090569548,1698090569548
frame_1698090569635,1698090569635
frame_1698090569722,1698090569722
frame_1698090569806,1698090569806
frame_1698090569887,1698090569887
frame_1698090569965,1698090569965
frame_1698090570038,1698090570038
frame_1698090570111,1698090570111
frame_1698090570182,1698090570182
frame_1698090570246,1698090570246
frame_1698090570318,1698090570318
frame_1698090570400,1698090570400
frame_1698090570477,1698090570477
frame_1698090570539,1698090570539
frame_1698090570606,1698090570606
frame_1698090570672,1698090570672
frame_1698090570743,1698090570743
frame_1698090570800,1698090570800
frame_1698090570851,1698090570851
frame_1698090570923,1698090570923
frame_1698090570986,1698090570986
frame_1698090571070,1698090571070
frame_1698090571161,1698090571161
frame_1698090571220,1698090571220
frame_1698090571290,1698090571290
frame_1698090571359,1698090571359
frame_1698090571429,1698090571429
frame_1698090571492,1698090571492
frame_1698090571561,1698090571561
frame_1698090571632,1698090571632
frame_1698090571690,1698090571690
frame_1698090571768,1698090571768
frame_1698090571848,1698090571848
frame_1698090571906,1698090571906
frame_1698090571993,1698090571993
frame_1698090572066,1698090572066
frame_1698090572125,1698090572125
frame_1698090572200,1698090572200
frame_1698090572259,1698090572259
frame_1698090572327,1698090572327
frame_1698090572384,1698090572384
frame_1698090572441,1698090572441
frame_1698090572497,1698090572497
frame_1698090572572,1698090572572
frame_1698090572667,1698090572667
frame_1698090572739,1698090572739
frame_1698090572826,1698090572826
frame_1698090572902,1698090572902
frame_1698090572969,1698090572969
frame_1698090573095,1698090573095
frame_1698090573183,1698090573183
frame_1698090573255,1698090573255
frame_1698090573337,1698090573337
frame_1698090573427,1698090573427
frame_1698090573526,1698090573526
frame_1698090573624,1698090573624
frame_1698090573831,1698090573831
frame_1698090573914,1698090573914
frame_1698090574013,1698090574013
frame_1698090574110,1698090574110
frame_1698090574196,1698090574196
frame_1698090574275,1698090574275
frame_1698090574357,1698090574357
frame_1698090574460,1698090574460
frame_1698090574544,1698090574544
frame_1698090574630,1698090574630
frame_1698090574707,1698090574707
frame_1698090574806,1698090574806
frame_1698090574877,1698090574877
frame_1698090574944,1698090574944
frame_1698090575017,1698090575017
frame_1698090575078,1698090575078
frame_1698090575174,1698090575174
frame_1698090575248,1698090575248
frame_1698090575314,1698090575314
frame_1698090575374,1698090575374
frame_1698090575435,1698090575435
frame_1698090575483,1698090575483
frame_1698090575532,1698090575532
frame_1698090575582,1698090575582
frame_1698090575632,1698090575632
frame_1698090575679,1698090575679
frame_1698090575734,1698090575734
frame_1698090575781,1698090575781
frame_1698090575830,1698090575830
frame_1698090575879,1698090575879
frame_1698090575933,1698090575933
frame_1698090575982,1698090575982
frame_1698090576033,1698090576033
frame_1698090576085,1698090576085
frame_1698090576129,1698090576129
frame_1698090576181,1698090576181
frame_1698090576229,1698090576229
frame_1698090576279,1698090576279
frame_1698090576337,1698090576337
frame_1698090576381,1698090576381
frame_1698090576429,1698090576429
frame_1698090576479,1698090576479
frame_1698090576530,1698090576530
frame_1698090576580,1698090576580
frame_1698090576631,1698090576631
frame_1698090576678,1698090576678
frame_1698090576730,1698090576730
frame_1698090576780,1698090576780
frame_1698090576830,1698090576830
frame_1698090576882,1698090576882
frame_1698090576936,1698090576936
frame_1698090576979,1698090576979
frame_1698090577031,1698090577031
frame_1698090577082,1698090577082
frame_1698090577133,1698090577133
frame_1698090577181,1698090577181
frame_1698090577230,1698090577230
frame_1698090577280,1698090577280
frame_1698090577331,1698090577331
frame_1698090577379,1698090577379
frame_1698090577431,1698090577431
frame_1698090577481,1698090577481
frame_1698090577537,1698090577537
frame_1698090577581,1698090577581
frame_1698090577632,1698090577632
frame_1698090577685,1698090577685
frame_1698090577731,1698090577731
frame_1698090577781,1698090577781
frame_1698090577829,1698090577829
frame_1698090577881,1698090577881
frame_1698090577935,1698090577935
frame_1698090577982,1698090577982
frame_1698090578031,1698090578031
frame_1698090578082,1698090578082
frame_1698090578139,1698090578139
frame_1698090578182,1698090578182
frame_1698090578232,1698090578232
frame_1698090578282,1698090578282
frame_1698090578332,1698090578332
frame_1698090578380,1698090578380
frame_1698090578433,1698090578433
frame_1698090578481,1698090578481
frame_1698090578531,1698090578531
frame_1698090578590,1698090578590
frame_1698090578636,1698090578636
frame_1698090578688,1698090578688
frame_1698090578739,1698090578739
frame_1698090578781,1698090578781
frame_1698090578832,1698090578832
frame_1698090578884,1698090578884
frame_1698090578934,1698090578934
frame_1698090578982,1698090578982
frame_1698090579032,1698090579032
frame_1698090579091,1698090579091
frame_1698090579133,1698090579133
frame_1698090579182,1698090579182
frame_1698090579232,1698090579232
frame_1698090579280,1698090579280
frame_1698090579336,1698090579336
frame_1698090579382,1698090579382
frame_1698090579433,1698090579433
frame_1698090579482,1698090579482
frame_1698090579532,1698090579532
frame_1698090579583,1698090579583
frame_1698090579632,1698090579632
frame_1698090579684,1698090579684
frame_1698090579732,1698090579732
frame_1698090579784,1698090579784
frame_1698090579834,1698090579834
frame_1698090579883,1698090579883
frame_1698090579942,1698090579942
frame_1698090579983,1698090579983
frame_1698090580034,1698090580034
frame_1698090580085,1698090580085
frame_1698090580135,1698090580135
frame_1698090580183,1698090580183
frame_1698090580234,1698090580234
frame_1698090580297,1698090580297
frame_1698090580353,1698090580353
frame_1698090580403,1698090580403
frame_1698090580449,1698090580449
frame_1698090580503,1698090580503
frame_1698090580568,1698090580568
frame_1698090580658,1698090580658
frame_1698090580768,1698090580768
frame_1698090580863,1698090580863
frame_1698090580944,1698090580944
frame_1698090581003,1698090581003
frame_1698090581054,1698090581054
frame_1698090581106,1698090581106
frame_1698090581153,1698090581153
frame_1698090581205,1698090581205
frame_1698090581371,1698090581371
frame_1698090581441,1698090581441
frame_1698090581502,1698090581502
frame_1698090581579,1698090581579
frame_1698090581645,1698090581645
frame_1698090581709,1698090581709
frame_1698090581761,1698090581761
frame_1698090581827,1698090581827
frame_1698090581876,1698090581876
frame_1698090581922,1698090581922
frame_1698090581980,1698090581980
frame_1698090582058,1698090582058
frame_1698090582112,1698090582112
frame_1698090582175,1698090582175
frame_1698090582226,1698090582226
frame_1698090582266,1698090582266
frame_1698090582324,1698090582324
frame_1698090582396,1698090582396
frame_1698090582454,1698090582454
frame_1698090582504,1698090582504
frame_1698090582556,1698090582556
frame_1698090582607,1698090582607
frame_1698090582658,1698090582658
frame_1698090582704,1698090582704
frame_1698090582752,1698090582752
frame_1698090582801,1698090582801
frame_1698090582856,1698090582856
frame_1698090582904,1698090582904
frame_1698090582971,1698090582971
frame_1698090583041,1698090583041
frame_1698090583100,1698090583100
frame_1698090583171,1698090583171
frame_1698090583233,1698090583233
frame_1698090583296,1698090583296
frame_1698090583362,1698090583362
frame_1698090583418,1698090583418
frame_1698090583467,1698090583467
frame_1698090583517,1698090583517
frame_1698090583584,1698090583584
frame_1698090583642,1698090583642
frame_1698090583688,1698090583688
frame_1698090583737,1698090583737
frame_1698090583785,1698090583785
frame_1698090583837,1698090583837
frame_1698090583886,1698090583886
frame_1698090583934,1698090583934
frame_1698090583985,1698090583985
frame_1698090584036,1698090584036
