timestamp,id,path,x,y,line,col,type,token,remark
1698090496778,mouseMoved,/src/TwoSum.java,0.3088541666666666,0.1416666666666666,1,5,import_keyword,import,-
1698090496858,mouseMoved,/src/TwoSum.java,0.3291666666666666,0.1759259259259259,3,9,class_keyword,class,-
1698090496927,mouseMoved,/src/TwoSum.java,0.3354166666666666,0.1833333333333333,3,10,class_keyword,class,-
1698090497001,mouseMoved,/src/TwoSum.java,0.3421875,0.1907407407407407,3,12,white_space,,-
1698090497065,mouseMoved,/src/TwoSum.java,0.35,0.199074074074074,3,13,identifier,TwoSum,-
1698090497122,mouseMoved,/src/TwoSum.java,0.3536458333333333,0.2037037037037037,4,14,static_keyword,static,-
1698090497185,mouseMoved,/src/TwoSum.java,0.3536458333333333,0.2037037037037037,4,14,static_keyword,static,-
1698090497252,mouseMoved,/src/TwoSum.java,0.3557291666666666,0.2055555555555555,4,14,static_keyword,static,-
1698090497311,mouseMoved,/src/TwoSum.java,0.35625,0.2064814814814815,4,14,static_keyword,static,-
1698090497380,mouseMoved,/src/TwoSum.java,0.359375,0.2101851851851852,4,15,static_keyword,static,-
1698090497447,mouseMoved,/src/TwoSum.java,0.3697916666666667,0.2166666666666666,4,17,white_space,,-
1698090497510,mouseMoved,/src/TwoSum.java,0.3729166666666667,0.2212962962962963,4,18,int_keyword,int,-
1698090497580,mouseMoved,/src/TwoSum.java,0.3760416666666666,0.225,4,18,int_keyword,int,-
1698090497647,mouseMoved,/src/TwoSum.java,0.3770833333333333,0.2268518518518518,5,18,identifier,Integer,-
1698090497719,,/src/TwoSum.java,0.3770833333333333,0.2268518518518518,5,18,identifier,Integer,-
1698090497780,mouseMoved,/src/TwoSum.java,0.3708333333333333,0.2111111111111111,4,17,white_space,,-
1698090497856,mouseMoved,/src/TwoSum.java,0.3625,0.1953703703703703,3,16,identifier,TwoSum,-
1698090497951,mouseMoved,/src/TwoSum.java,0.3609375,0.1907407407407407,3,15,identifier,TwoSum,-
1698090498021,mouseMoved,/src/TwoSum.java,0.3614583333333333,0.187037037037037,3,15,identifier,TwoSum,-
1698090498083,mouseMoved,/src/TwoSum.java,0.3635416666666666,0.1851851851851851,3,16,identifier,TwoSum,-
1698090498146,,/src/TwoSum.java,0.3635416666666666,0.1851851851851851,3,16,identifier,TwoSum,-
1698090498206,,/src/TwoSum.java,0.3635416666666666,0.1851851851851851,3,16,identifier,TwoSum,-
1698090498270,,/src/TwoSum.java,0.3635416666666666,0.1851851851851851,3,16,identifier,TwoSum,-
1698090498332,mouseMoved,/src/TwoSum.java,0.3609375,0.1879629629629629,3,15,identifier,TwoSum,-
1698090498397,mouseMoved,/src/TwoSum.java,0.3567708333333333,0.1916666666666666,3,15,identifier,TwoSum,-
1698090498462,mouseMoved,/src/TwoSum.java,0.3552083333333333,0.2,3,14,identifier,TwoSum,-
1698090498530,mouseMoved,/src/TwoSum.java,0.3552083333333333,0.2185185185185185,4,14,static_keyword,static,-
1698090498597,mouseMoved,/src/TwoSum.java,0.3552083333333333,0.225,4,14,static_keyword,static,-
1698090498655,mouseMoved,/src/TwoSum.java,0.3552083333333333,0.2268518518518518,5,14,identifier,Integer,-
1698090498723,mouseMoved,/src/TwoSum.java,0.3552083333333333,0.2351851851851852,5,14,identifier,Integer,-
1698090498772,mouseMoved,/src/TwoSum.java,0.3552083333333333,0.2462962962962963,5,14,identifier,Integer,-
1698090498833,mouseMoved,/src/TwoSum.java,0.3588541666666666,0.2722222222222222,6,15,white_space,,-
1698090498897,mouseMoved,/src/TwoSum.java,0.3635416666666666,0.2953703703703704,7,16,white_space,,-
1698090498967,mouseMoved,/src/TwoSum.java,0.3661458333333333,0.3046296296296296,8,16,identifier,complement,-
1698090499033,mouseMoved,/src/TwoSum.java,0.3729166666666667,0.3185185185185185,8,18,identifier,complement,-
1698090499097,mouseMoved,/src/TwoSum.java,0.3807291666666667,0.3296296296296296,9,19,white_space,,-
1698090499172,mouseMoved,/src/TwoSum.java,0.3895833333333333,0.3416666666666667,9,21,white_space,,-
1698090499231,mouseMoved,/src/TwoSum.java,0.390625,0.3444444444444444,9,21,white_space,,-
1698090499299,,/src/TwoSum.java,0.390625,0.3444444444444444,9,21,white_space,,-
1698090499356,,/src/TwoSum.java,0.390625,0.3444444444444444,9,21,white_space,,-
1698090499411,,/src/TwoSum.java,0.390625,0.3444444444444444,9,21,white_space,,-
1698090499480,mouseMoved,/src/TwoSum.java,0.3947916666666666,0.3638888888888889,10,22,dot,.,-
1698090499542,mouseMoved,/src/TwoSum.java,0.4005208333333333,0.4037037037037037,11,23,new_keyword,new,-
1698090499596,mouseMoved,/src/TwoSum.java,0.4020833333333333,0.4203703703703704,12,23,white_space,,-
1698090499665,mouseMoved,/src/TwoSum.java,0.4020833333333333,0.4203703703703704,12,23,white_space,,-
1698090499734,,/src/TwoSum.java,0.4020833333333333,0.4203703703703704,12,23,white_space,,-
1698090499803,,/src/TwoSum.java,0.4020833333333333,0.4203703703703704,12,23,white_space,,-
1698090499869,,/src/TwoSum.java,0.4020833333333333,0.4203703703703704,12,23,white_space,,-
1698090499935,,/src/TwoSum.java,0.4020833333333333,0.4203703703703704,12,23,white_space,,-
1698090500009,,/src/TwoSum.java,0.4020833333333333,0.4203703703703704,12,23,white_space,,-
1698090500075,,/src/TwoSum.java,0.4020833333333333,0.4203703703703704,12,23,white_space,,-
1698090500128,,/src/TwoSum.java,0.4020833333333333,0.4203703703703704,12,23,white_space,,-
1698090500197,,/src/TwoSum.java,0.4020833333333333,0.4203703703703704,12,23,white_space,,-
1698090500272,,/src/TwoSum.java,0.4020833333333333,0.4203703703703704,12,23,white_space,,-
1698090500331,mouseMoved,/src/TwoSum.java,0.4,0.4268518518518518,12,23,white_space,,-
1698090500398,mouseMoved,/src/TwoSum.java,0.3984375,0.4305555555555556,13,23,white_space,,-
1698090500461,mouseMoved,/src/TwoSum.java,0.3984375,0.4305555555555556,13,23,white_space,,-
1698090500538,,/src/TwoSum.java,0.3984375,0.4305555555555556,13,23,white_space,,-
1698090500605,,/src/TwoSum.java,0.3984375,0.4305555555555556,13,23,white_space,,-
1698090500658,,/src/TwoSum.java,0.3984375,0.4305555555555556,13,23,white_space,,-
1698090500710,,/src/TwoSum.java,0.3984375,0.4305555555555556,13,23,white_space,,-
1698090500783,mouseMoved,/src/TwoSum.java,0.3984375,0.4324074074074074,13,23,white_space,,-
1698090500848,mouseMoved,/src/TwoSum.java,0.3984375,0.4379629629629629,13,23,white_space,,-
1698090500912,mouseMoved,/src/TwoSum.java,0.3984375,0.4416666666666666,13,23,white_space,,-
1698090500983,mouseMoved,/src/TwoSum.java,0.3989583333333333,0.4462962962962963,13,23,white_space,,-
1698090501057,mouseMoved,/src/TwoSum.java,0.4442708333333333,0.4472222222222222,13,31,white_space,,-
1698090501120,mouseMoved,/src/TwoSum.java,0.46875,0.4462962962962963,13,36,white_space,,-
1698090501189,,/src/TwoSum.java,0.46875,0.4462962962962963,14,36,white_space,,-
1698090501257,mouseMoved,/src/TwoSum.java,0.46875,0.449074074074074,15,36,white_space,,-
1698090501320,,/src/TwoSum.java,0.46875,0.449074074074074,13,36,white_space,,-
1698090501393,,/src/TwoSum.java,0.46875,0.449074074074074,13,36,white_space,,-
1698090501472,mouseMoved,/src/TwoSum.java,0.46875,0.4481481481481481,13,36,white_space,,-
1698090501544,,/src/TwoSum.java,0.46875,0.4481481481481481,15,36,white_space,,-
1698090501625,,/src/TwoSum.java,0.46875,0.4481481481481481,18,36,white_space,,-
1698090501693,,/src/TwoSum.java,0.46875,0.4481481481481481,21,36,white_space,,-
1698090501756,,/src/TwoSum.java,0.46875,0.4481481481481481,22,36,white_space,,-
1698090501820,,/src/TwoSum.java,0.46875,0.4481481481481481,22,36,white_space,,-
1698090501898,,/src/TwoSum.java,0.46875,0.4481481481481481,22,36,white_space,,-
1698090501975,,/src/TwoSum.java,0.46875,0.4481481481481481,22,36,white_space,,-
1698090502035,,/src/TwoSum.java,0.46875,0.4481481481481481,24,36,identifier,nums,-
1698090502110,,/src/TwoSum.java,0.46875,0.4481481481481481,25,36,white_space,,-
1698090502171,,/src/TwoSum.java,0.46875,0.4481481481481481,27,36,string_literal,"""Indices found: """,-
1698090502240,,/src/TwoSum.java,0.46875,0.4481481481481481,28,36,white_space,,-
1698090502298,,/src/TwoSum.java,0.46875,0.4481481481481481,28,36,white_space,,-
1698090502369,,/src/TwoSum.java,0.46875,0.4481481481481481,28,36,white_space,,-
1698090502430,mouseMoved,/src/TwoSum.java,0.4807291666666666,0.4481481481481481,28,38,white_space,,-
1698090502494,mouseMoved,/src/TwoSum.java,0.5046875,0.4546296296296296,28,43,white_space,,-
1698090502553,mouseMoved,/src/TwoSum.java,0.50625,0.4546296296296296,28,43,white_space,,-
1698090502622,,/src/TwoSum.java,0.50625,0.4546296296296296,28,43,white_space,,-
1698090502685,,/src/TwoSum.java,0.50625,0.4546296296296296,28,43,white_space,,-
1698090502748,,/src/TwoSum.java,0.50625,0.4546296296296296,28,43,white_space,,-
1698090502821,,/src/TwoSum.java,0.50625,0.4546296296296296,28,43,white_space,,-
1698090502879,,/src/TwoSum.java,0.50625,0.4546296296296296,28,43,white_space,,-
1698090502950,,/src/TwoSum.java,0.50625,0.4546296296296296,28,43,white_space,,-
1698090503016,,/src/TwoSum.java,0.50625,0.4546296296296296,28,43,white_space,,-
1698090503084,,/src/TwoSum.java,0.50625,0.4546296296296296,28,43,white_space,,-
1698090503148,,/src/TwoSum.java,0.50625,0.4546296296296296,28,43,white_space,,-
1698090503223,,/src/TwoSum.java,0.50625,0.4546296296296296,28,43,white_space,,-
1698090503275,,/src/TwoSum.java,0.50625,0.4546296296296296,28,43,white_space,,-
1698090503333,,/src/TwoSum.java,0.50625,0.4546296296296296,28,43,white_space,,-
1698090503397,,/src/TwoSum.java,0.50625,0.4546296296296296,28,43,white_space,,-
1698090503480,,/src/TwoSum.java,0.50625,0.4546296296296296,28,43,white_space,,-
1698090503552,,/src/TwoSum.java,0.50625,0.4546296296296296,28,43,white_space,,-
1698090503615,,/src/TwoSum.java,0.50625,0.4546296296296296,28,43,white_space,,-
1698090503680,,/src/TwoSum.java,0.50625,0.4546296296296296,28,43,white_space,,-
1698090503747,,/src/TwoSum.java,0.50625,0.4546296296296296,28,43,white_space,,-
1698090503808,,/src/TwoSum.java,0.50625,0.4546296296296296,28,43,white_space,,-
1698090503869,,/src/TwoSum.java,0.50625,0.4546296296296296,28,43,white_space,,-
1698090503941,,/src/TwoSum.java,0.50625,0.4546296296296296,28,43,white_space,,-
1698090504013,,/src/TwoSum.java,0.50625,0.4546296296296296,28,43,white_space,,-
1698090504072,,/src/TwoSum.java,0.50625,0.4546296296296296,28,43,white_space,,-
1698090504131,,/src/TwoSum.java,0.50625,0.4546296296296296,28,43,white_space,,-
1698090504195,,/src/TwoSum.java,0.50625,0.4546296296296296,28,43,white_space,,-
1698090504283,,/src/TwoSum.java,0.50625,0.4546296296296296,28,43,white_space,,-
1698090504350,,/src/TwoSum.java,0.50625,0.4546296296296296,28,43,white_space,,-
1698090504408,,/src/TwoSum.java,0.50625,0.4546296296296296,28,43,white_space,,-
1698090504466,,/src/TwoSum.java,0.50625,0.4546296296296296,28,43,white_space,,-
1698090504537,,/src/TwoSum.java,0.50625,0.4546296296296296,28,43,white_space,,-
1698090504604,,/src/TwoSum.java,0.50625,0.4546296296296296,28,43,white_space,,-
1698090504670,,/src/TwoSum.java,0.50625,0.4546296296296296,28,43,white_space,,-
1698090504727,,/src/TwoSum.java,0.50625,0.4546296296296296,28,43,white_space,,-
1698090504786,,/src/TwoSum.java,0.50625,0.4546296296296296,28,43,white_space,,-
1698090504851,,/src/TwoSum.java,0.50625,0.4546296296296296,28,43,white_space,,-
1698090504913,,/src/TwoSum.java,0.50625,0.4546296296296296,28,43,white_space,,-
1698090504978,,/src/TwoSum.java,0.50625,0.4546296296296296,28,43,white_space,,-
1698090505040,,/src/TwoSum.java,0.50625,0.4546296296296296,28,43,white_space,,-
1698090505101,,/src/TwoSum.java,0.50625,0.4546296296296296,28,43,white_space,,-
1698090505170,,/src/TwoSum.java,0.50625,0.4546296296296296,28,43,white_space,,-
1698090505235,,/src/TwoSum.java,0.50625,0.4546296296296296,28,43,white_space,,-
1698090505307,,/src/TwoSum.java,0.50625,0.4546296296296296,28,43,white_space,,-
1698090505361,,/src/TwoSum.java,0.50625,0.4546296296296296,28,43,white_space,,-
1698090505413,,/src/TwoSum.java,0.50625,0.4546296296296296,28,43,white_space,,-
1698090505459,,/src/TwoSum.java,0.50625,0.4546296296296296,28,43,white_space,,-
1698090505526,,/src/TwoSum.java,0.50625,0.4546296296296296,28,43,white_space,,-
1698090505595,,/src/TwoSum.java,0.50625,0.4546296296296296,28,43,white_space,,-
1698090505652,,/src/TwoSum.java,0.50625,0.4546296296296296,28,43,white_space,,-
1698090505725,,/src/TwoSum.java,0.50625,0.4546296296296296,28,43,white_space,,-
1698090505788,mouseMoved,/src/TwoSum.java,0.50625,0.4546296296296296,28,43,white_space,,-
1698090505847,mouseMoved,/src/TwoSum.java,0.5125,0.4546296296296296,28,44,white_space,,-
1698090505920,mouseMoved,/src/TwoSum.java,0.5125,0.4546296296296296,28,44,white_space,,-
1698090505982,mouseMoved,/src/TwoSum.java,0.5151041666666667,0.4583333333333333,29,45,string_literal,"""No solution found""",-
1698090506062,mouseMoved,/src/TwoSum.java,0.5177083333333333,0.4601851851851852,29,45,string_literal,"""No solution found""",-
1698090506121,mouseMoved,/src/TwoSum.java,0.5239583333333333,0.462037037037037,29,47,string_literal,"""No solution found""",-
1698090506180,mouseMoved,/src/TwoSum.java,0.5515625,0.4712962962962962,29,52,white_space,,-
1698090506233,mouseMoved,/src/TwoSum.java,0.5645833333333333,0.4759259259259259,29,54,white_space,,-
1698090506311,mouseMoved,/src/TwoSum.java,0.5713541666666667,0.4768518518518518,29,56,white_space,,-
1698090506372,,/src/TwoSum.java,0.5713541666666667,0.4768518518518518,29,56,white_space,,-
1698090506440,,/src/TwoSum.java,0.5713541666666667,0.4768518518518518,29,56,white_space,,-
1698090506503,mouseMoved,/src/TwoSum.java,0.5791666666666667,0.4796296296296296,29,57,white_space,,-
1698090506587,mouseMoved,/src/TwoSum.java,0.6052083333333333,0.4842592592592593,30,62,white_space,,-
1698090506660,mouseMoved,/src/TwoSum.java,0.6057291666666667,0.4842592592592593,30,62,white_space,,-
1698090506723,,/src/TwoSum.java,0.6057291666666667,0.4842592592592593,30,62,white_space,,-
1698090506776,,/src/TwoSum.java,0.6057291666666667,0.4842592592592593,30,62,white_space,,-
1698090506836,,/src/TwoSum.java,0.6057291666666667,0.4842592592592593,30,62,white_space,,-
1698090506899,,/src/TwoSum.java,0.6057291666666667,0.4842592592592593,30,62,white_space,,-
1698090506971,,/src/TwoSum.java,0.6057291666666667,0.4842592592592593,30,62,white_space,,-
1698090507025,,/src/TwoSum.java,0.6057291666666667,0.4842592592592593,30,62,white_space,,-
1698090507088,,/src/TwoSum.java,0.6057291666666667,0.4842592592592593,30,62,white_space,,-
1698090507156,mouseMoved,/src/TwoSum.java,0.6041666666666666,0.4787037037037037,29,62,white_space,,-
1698090507215,mouseMoved,/src/TwoSum.java,0.6,0.4703703703703704,29,61,white_space,,-
1698090507271,mouseMoved,/src/TwoSum.java,0.5776041666666667,0.4462962962962963,28,57,white_space,,-
1698090507354,mouseMoved,/src/TwoSum.java,0.5598958333333334,0.4259259259259259,27,54,identifier,result,-
1698090507440,mouseMoved,/src/TwoSum.java,0.5130208333333334,0.3916666666666666,26,45,white_space,,-
1698090507508,mouseMoved,/src/TwoSum.java,0.4911458333333333,0.3861111111111111,26,40,white_space,,-
1698090507575,mouseMoved,/src/TwoSum.java,0.4802083333333333,0.3787037037037037,26,38,white_space,,-
1698090507640,mouseMoved,/src/TwoSum.java,0.4796875,0.3768518518518518,25,38,white_space,,-
1698090507698,mouseMoved,/src/TwoSum.java,0.4817708333333333,0.3731481481481482,25,39,white_space,,-
1698090507742,mouseMoved,/src/TwoSum.java,0.4817708333333333,0.3731481481481482,25,39,white_space,,-
1698090507804,mousePressed,/src/TwoSum.java,0.4817708333333333,0.3731481481481482,25,39,white_space,,-
1698090507870,mouseReleased,/src/TwoSum.java,0.4817708333333333,0.3731481481481482,25,39,white_space,,-
1698090507932,mouseReleased,/src/TwoSum.java,0.4817708333333333,0.3731481481481482,25,39,white_space,,-
1698090508011,mouseReleased,/src/TwoSum.java,0.4817708333333333,0.3731481481481482,25,39,white_space,,-
1698090508067,mouseReleased,/src/TwoSum.java,0.4817708333333333,0.3731481481481482,25,39,white_space,,-
1698090508146,mouseReleased,/src/TwoSum.java,0.4817708333333333,0.3731481481481482,25,39,white_space,,-
1698090508206,mouseReleased,/src/TwoSum.java,0.4822916666666667,0.374074074074074,25,39,white_space,,-
1698090508270,mouseReleased,/src/TwoSum.java,0.4838541666666666,0.3777777777777777,25,39,white_space,,-
1698090508334,mouseReleased,/src/TwoSum.java,0.49375,0.3944444444444444,26,41,white_space,,-
1698090508402,,/src/TwoSum.java,0.5203125,0.4601851851851852,29,46,string_literal,"""No solution found""",-
1698090508476,,/src/TwoSum.java,0.5708333333333333,0.600925925925926,34,56,nan,,-
1698090508535,,-,0.5770833333333333,0.6287037037037037,-,-,-,-,Out of Text Editor
1698090508612,,-,0.5807291666666666,0.6592592592592592,-,-,-,-,Out of Text Editor
1698090508669,,-,0.5807291666666666,0.6620370370370371,-,-,-,-,Out of Text Editor
1698090508737,,-,0.5791666666666667,0.6731481481481482,-,-,-,-,Out of Text Editor
1698090508806,,-,0.5760416666666667,0.687037037037037,-,-,-,-,Out of Text Editor
1698090508874,,-,0.5755208333333334,0.6907407407407408,-,-,-,-,Out of Text Editor
1698090508950,,-,0.5755208333333334,0.6916666666666667,-,-,-,-,Out of Text Editor
1698090509023,,-,0.5755208333333334,0.6916666666666667,-,-,-,-,Out of Text Editor
1698090509086,,-,0.5755208333333334,0.6916666666666667,-,-,-,-,Out of Text Editor
1698090509145,,-,0.5755208333333334,0.6935185185185185,-,-,-,-,Out of Text Editor
1698090509205,,-,0.5755208333333334,0.6962962962962963,-,-,-,-,Out of Text Editor
1698090509265,,-,0.5755208333333334,0.6972222222222222,-,-,-,-,Out of Text Editor
1698090509326,,-,0.5755208333333334,0.6972222222222222,-,-,-,-,Out of Text Editor
1698090509383,,-,0.5755208333333334,0.6972222222222222,-,-,-,-,Out of Text Editor
1698090509437,,-,0.5755208333333334,0.6972222222222222,-,-,-,-,Out of Text Editor
1698090509503,,-,0.5755208333333334,0.6972222222222222,-,-,-,-,Out of Text Editor
1698090509566,,-,0.5755208333333334,0.6972222222222222,-,-,-,-,Out of Text Editor
1698090509641,,-,0.5755208333333334,0.6972222222222222,-,-,-,-,Out of Text Editor
1698090509708,,-,0.5755208333333334,0.6972222222222222,-,-,-,-,Out of Text Editor
1698090509766,,-,0.5755208333333334,0.6972222222222222,-,-,-,-,Out of Text Editor
1698090509833,,-,0.5755208333333334,0.6972222222222222,-,-,-,-,Out of Text Editor
1698090509892,,-,0.5755208333333334,0.6972222222222222,-,-,-,-,Out of Text Editor
1698090509948,,-,0.5755208333333334,0.6972222222222222,-,-,-,-,Out of Text Editor
1698090509997,,-,0.5755208333333334,0.6972222222222222,-,-,-,-,Out of Text Editor
1698090510058,,-,0.5755208333333334,0.6972222222222222,-,-,-,-,Out of Text Editor
1698090510122,mouseMoved,-,0.5755208333333334,0.6972222222222222,-,-,-,-,Out of Text Editor
1698090510200,RunClass,-,0.5755208333333334,0.6972222222222222,-,-,-,-,Out of Text Editor
1698090510267,RunClass,-,0.5755208333333334,0.6972222222222222,-,-,-,-,Out of Text Editor
1698090510328,RunClass,-,0.5755208333333334,0.6972222222222222,-,-,-,-,Out of Text Editor
1698090510413,mouseMoved,-,0.5755208333333334,0.6972222222222222,-,-,-,-,Out of Text Editor
1698090510515,mouseMoved,-,0.5755208333333334,0.6833333333333333,-,-,-,-,Out of Text Editor
1698090510577,mouseMoved,-,0.575,0.674074074074074,-,-,-,-,Out of Text Editor
1698090510644,mouseMoved,-,0.5739583333333333,0.6666666666666666,-,-,-,-,Out of Text Editor
1698090510708,mouseMoved,-,0.571875,0.6518518518518519,-,-,-,-,Out of Text Editor
1698090510774,mouseMoved,-,0.5708333333333333,0.6407407407407408,-,-,-,-,Out of Text Editor
1698090510841,RunClass,-,0.56875,0.6314814814814815,-,-,-,-,Out of Text Editor
1698090510905,RunClass,-,0.5677083333333334,0.6268518518518519,-,-,-,-,Out of Text Editor
1698090510973,mouseMoved,/src/TwoSum.java,0.55,0.6027777777777777,34,52,nan,,-
1698090511040,mouseMoved,/src/TwoSum.java,0.5182291666666666,0.5583333333333333,33,46,nan,,-
1698090511106,mouseMoved,/src/TwoSum.java,0.4958333333333333,0.5212962962962963,31,41,white_space,,-
1698090511177,mouseMoved,/src/TwoSum.java,0.4802083333333333,0.499074074074074,30,38,white_space,,-
1698090511242,mouseMoved,/src/TwoSum.java,0.4708333333333333,0.4842592592592593,30,36,white_space,,-
1698090511320,mouseMoved,/src/TwoSum.java,0.4630208333333333,0.4546296296296296,28,35,white_space,,-
1698090511385,mouseMoved,/src/TwoSum.java,0.4598958333333333,0.4277777777777777,27,34,string_literal,"""Indices found: """,-
1698090511440,mouseMoved,/src/TwoSum.java,0.459375,0.4175925925925925,27,34,string_literal,"""Indices found: """,-
1698090511508,mouseMoved,/src/TwoSum.java,0.4588541666666667,0.412037037037037,27,34,string_literal,"""Indices found: """,-
1698090511568,mouseMoved,/src/TwoSum.java,0.4536458333333333,0.3944444444444444,26,33,white_space,,-
1698090511628,mouseMoved,/src/TwoSum.java,0.4473958333333333,0.3796296296296296,26,32,white_space,,-
1698090511688,mouseMoved,/src/TwoSum.java,0.4447916666666666,0.3703703703703703,25,31,white_space,,-
1698090511750,mouseMoved,/src/TwoSum.java,0.4432291666666667,0.3537037037037037,25,31,white_space,,-
1698090511807,mouseMoved,/src/TwoSum.java,0.4427083333333333,0.3509259259259259,24,31,identifier,findTwoSum,-
1698090511884,mouseMoved,/src/TwoSum.java,0.4427083333333333,0.3462962962962962,24,31,identifier,findTwoSum,-
1698090511954,mouseMoved,/src/TwoSum.java,0.4427083333333333,0.3444444444444444,24,31,identifier,findTwoSum,-
1698090512027,RunClass,/src/TwoSum.java,0.4427083333333333,0.3444444444444444,24,31,identifier,findTwoSum,-
1698090512105,mouseMoved,/src/TwoSum.java,0.4427083333333333,0.3444444444444444,24,31,identifier,findTwoSum,-
1698090512178,mouseMoved,/src/TwoSum.java,0.4427083333333333,0.3435185185185185,24,31,identifier,findTwoSum,-
1698090512245,mousePressed,/src/TwoSum.java,0.4427083333333333,0.3435185185185185,24,31,identifier,findTwoSum,-
1698090512310,mousePressed,/src/TwoSum.java,0.4427083333333333,0.3435185185185185,24,31,identifier,findTwoSum,-
1698090512380,mouseReleased,/src/TwoSum.java,0.4427083333333333,0.3435185185185185,9,31,white_space,,-
1698090512443,mouseReleased,/src/TwoSum.java,0.4427083333333333,0.3435185185185185,9,31,white_space,,-
1698090512504,mouseReleased,/src/TwoSum.java,0.4427083333333333,0.3435185185185185,9,31,white_space,,-
1698090512578,mouseReleased,/src/TwoSum.java,0.4427083333333333,0.3435185185185185,9,31,white_space,,-
1698090512653,mouseReleased,/src/TwoSum.java,0.4427083333333333,0.3435185185185185,9,31,white_space,,-
1698090512729,mouseReleased,/src/TwoSum.java,0.4427083333333333,0.3435185185185185,9,31,white_space,,-
1698090512800,mouseMoved,/src/TwoSum.java,0.45625,0.3462962962962962,9,34,white_space,,-
1698090512872,mouseMoved,/src/TwoSum.java,0.4651041666666666,0.3546296296296296,10,35,identifier,complement,-
1698090512989,mouseMoved,/src/TwoSum.java,0.4791666666666667,0.3722222222222222,10,38,identifier,complement,-
1698090513059,mouseMoved,/src/TwoSum.java,0.490625,0.3916666666666666,11,40,identifier,get,-
1698090513124,mouseMoved,/src/TwoSum.java,0.4958333333333333,0.3990740740740741,11,41,identifier,get,-
1698090513187,mouseMoved,/src/TwoSum.java,0.4958333333333333,0.4,11,41,identifier,get,-
1698090513251,GotoDeclaration,/src/TwoSum.java,0.4958333333333333,0.4,11,41,identifier,get,-
1698090513310,GotoDeclaration,/src/TwoSum.java,0.4958333333333333,0.4,11,41,identifier,get,-
1698090513379,GotoDeclaration,/src/TwoSum.java,0.4958333333333333,0.4,11,41,identifier,get,-
1698090513456,GotoDeclaration,/src/TwoSum.java,0.4958333333333333,0.4,11,41,identifier,get,-
1698090513536,mouseMoved,/src/TwoSum.java,0.4958333333333333,0.3981481481481481,11,41,identifier,get,-
1698090513617,GotoDeclaration,/src/TwoSum.java,0.4958333333333333,0.3981481481481481,11,41,identifier,get,-
1698090513682,GotoDeclaration,/src/TwoSum.java,0.4958333333333333,0.3981481481481481,11,41,identifier,get,-
1698090513747,GotoDeclaration,/src/TwoSum.java,0.4958333333333333,0.3981481481481481,11,41,identifier,get,-
1698090513808,GotoDeclaration,/src/TwoSum.java,0.4958333333333333,0.3981481481481481,11,41,identifier,get,-
1698090513885,GotoDeclaration,/src/TwoSum.java,0.4958333333333333,0.3981481481481481,11,41,identifier,get,-
1698090513938,mouseMoved,/src/TwoSum.java,0.5052083333333334,0.3981481481481481,11,43,lparenth,(,-
1698090514013,mouseMoved,/src/TwoSum.java,0.5270833333333333,0.4138888888888888,12,47,white_space,,-
1698090514072,mouseMoved,/src/TwoSum.java,0.528125,0.4148148148148148,12,47,white_space,,-
1698090514142,GotoDeclaration,/src/TwoSum.java,0.528125,0.4148148148148148,12,47,white_space,,-
1698090514209,GotoDeclaration,/src/TwoSum.java,0.528125,0.4148148148148148,12,47,white_space,,-
1698090514282,GotoDeclaration,/src/TwoSum.java,0.528125,0.4148148148148148,12,47,white_space,,-
1698090514343,,/src/TwoSum.java,0.528125,0.4148148148148148,12,47,white_space,,-
1698090514409,mouseMoved,/src/TwoSum.java,0.5270833333333333,0.4194444444444444,12,47,white_space,,-
1698090514482,mouseMoved,/src/TwoSum.java,0.5244791666666667,0.4333333333333333,13,47,white_space,,-
1698090514542,mouseMoved,/src/TwoSum.java,0.5135416666666667,0.4351851851851852,13,45,white_space,,-
1698090514617,mouseMoved,/src/TwoSum.java,0.5109375,0.4351851851851852,13,44,white_space,,-
1698090514669,mouseMoved,/src/TwoSum.java,0.4989583333333333,0.4305555555555556,13,42,white_space,,-
1698090514727,mouseMoved,/src/TwoSum.java,0.4869791666666667,0.424074074074074,12,40,white_space,,-
1698090514797,mouseMoved,/src/TwoSum.java,0.4796875,0.4231481481481481,12,38,white_space,,-
1698090514872,mouseMoved,/src/TwoSum.java,0.4765625,0.4342592592592592,13,38,white_space,,-
1698090514947,mouseMoved,/src/TwoSum.java,0.4765625,0.4351851851851852,13,38,white_space,,-
1698090515010,,/src/TwoSum.java,0.4765625,0.4351851851851852,13,38,white_space,,-
1698090515070,,/src/TwoSum.java,0.4765625,0.4351851851851852,13,38,white_space,,-
1698090515119,,/src/TwoSum.java,0.4765625,0.4351851851851852,13,38,white_space,,-
1698090515172,,/src/TwoSum.java,0.4765625,0.4351851851851852,13,38,white_space,,-
1698090515246,,/src/TwoSum.java,0.4765625,0.4351851851851852,13,38,white_space,,-
1698090515314,,/src/TwoSum.java,0.4765625,0.4351851851851852,13,38,white_space,,-
1698090515384,,/src/TwoSum.java,0.4765625,0.4351851851851852,13,38,white_space,,-
1698090515438,,/src/TwoSum.java,0.4765625,0.4351851851851852,13,38,white_space,,-
1698090515508,,/src/TwoSum.java,0.4765625,0.4351851851851852,13,38,white_space,,-
1698090515585,,/src/TwoSum.java,0.4765625,0.4351851851851852,13,38,white_space,,-
1698090515650,,/src/TwoSum.java,0.4765625,0.4351851851851852,13,38,white_space,,-
1698090515715,,/src/TwoSum.java,0.4765625,0.4351851851851852,13,38,white_space,,-
1698090515777,,/src/TwoSum.java,0.4765625,0.4351851851851852,13,38,white_space,,-
1698090515848,,/src/TwoSum.java,0.4765625,0.4351851851851852,13,38,white_space,,-
1698090515903,,/src/TwoSum.java,0.4765625,0.4351851851851852,13,38,white_space,,-
1698090515957,,/src/TwoSum.java,0.4765625,0.4351851851851852,13,38,white_space,,-
1698090516028,,/src/TwoSum.java,0.4765625,0.4351851851851852,13,38,white_space,,-
1698090516102,,/src/TwoSum.java,0.4765625,0.4351851851851852,13,38,white_space,,-
1698090516161,mouseMoved,/src/TwoSum.java,0.4765625,0.4342592592592592,13,38,white_space,,-
1698090516234,,/src/TwoSum.java,0.4765625,0.4342592592592592,13,38,white_space,,-
1698090516290,,/src/TwoSum.java,0.4765625,0.4342592592592592,13,38,white_space,,-
1698090516359,,/src/TwoSum.java,0.4765625,0.4342592592592592,13,38,white_space,,-
1698090516426,,/src/TwoSum.java,0.4765625,0.4342592592592592,13,38,white_space,,-
1698090516494,,/src/TwoSum.java,0.4765625,0.4342592592592592,13,38,white_space,,-
1698090516566,,/src/TwoSum.java,0.4765625,0.4342592592592592,13,38,white_space,,-
1698090516625,mouseMoved,/src/TwoSum.java,0.4765625,0.4342592592592592,13,38,white_space,,-
1698090516698,mouseMoved,/src/TwoSum.java,0.4765625,0.4333333333333333,13,38,white_space,,-
1698090516769,,/src/TwoSum.java,0.4765625,0.4333333333333333,13,38,white_space,,-
1698090516829,,/src/TwoSum.java,0.4765625,0.4333333333333333,13,38,white_space,,-
1698090516893,,/src/TwoSum.java,0.4765625,0.4333333333333333,13,38,white_space,,-
1698090516970,,/src/TwoSum.java,0.4765625,0.4333333333333333,13,38,white_space,,-
1698090517032,,/src/TwoSum.java,0.4765625,0.4333333333333333,13,38,white_space,,-
1698090517087,,/src/TwoSum.java,0.4765625,0.4333333333333333,13,38,white_space,,-
1698090517150,,/src/TwoSum.java,0.4765625,0.4333333333333333,13,38,white_space,,-
1698090517203,,/src/TwoSum.java,0.4765625,0.4333333333333333,13,38,white_space,,-
1698090517261,,/src/TwoSum.java,0.4765625,0.4333333333333333,13,38,white_space,,-
1698090517335,,/src/TwoSum.java,0.4765625,0.4333333333333333,13,38,white_space,,-
1698090517391,,/src/TwoSum.java,0.4765625,0.4333333333333333,13,38,white_space,,-
1698090517440,,/src/TwoSum.java,0.4765625,0.4333333333333333,13,38,white_space,,-
1698090517503,,/src/TwoSum.java,0.4765625,0.4333333333333333,13,38,white_space,,-
1698090517556,,/src/TwoSum.java,0.4765625,0.4333333333333333,13,38,white_space,,-
1698090517631,,/src/TwoSum.java,0.4765625,0.4333333333333333,13,38,white_space,,-
1698090517716,,/src/TwoSum.java,0.4765625,0.4333333333333333,13,38,white_space,,-
1698090517780,,/src/TwoSum.java,0.4765625,0.4333333333333333,13,38,white_space,,-
1698090517854,,/src/TwoSum.java,0.4765625,0.4333333333333333,13,38,white_space,,-
1698090517908,,/src/TwoSum.java,0.4765625,0.4333333333333333,13,38,white_space,,-
1698090517972,,/src/TwoSum.java,0.4765625,0.4333333333333333,13,38,white_space,,-
1698090518025,,/src/TwoSum.java,0.4765625,0.4333333333333333,13,38,white_space,,-
1698090518096,mouseMoved,/src/TwoSum.java,0.46875,0.4314814814814814,13,36,white_space,,-
1698090518165,mouseMoved,/src/TwoSum.java,0.4432291666666667,0.4268518518518518,12,31,white_space,,-
1698090518226,mouseMoved,/src/TwoSum.java,0.4416666666666666,0.4268518518518518,12,31,white_space,,-
1698090518297,,/src/TwoSum.java,0.4416666666666666,0.4268518518518518,12,31,white_space,,-
1698090518375,,/src/TwoSum.java,0.4416666666666666,0.4268518518518518,12,31,white_space,,-
1698090518445,,/src/TwoSum.java,0.4416666666666666,0.4268518518518518,12,31,white_space,,-
1698090518522,,/src/TwoSum.java,0.4416666666666666,0.4268518518518518,12,31,white_space,,-
1698090518581,,/src/TwoSum.java,0.4416666666666666,0.4268518518518518,12,31,white_space,,-
1698090518645,mouseMoved,/src/TwoSum.java,0.4416666666666666,0.4268518518518518,12,31,white_space,,-
1698090518706,mouseMoved,/src/TwoSum.java,0.4453125,0.4268518518518518,12,32,white_space,,-
1698090518763,mouseMoved,/src/TwoSum.java,0.4458333333333333,0.4324074074074074,13,32,white_space,,-
1698090518832,mouseMoved,/src/TwoSum.java,0.4463541666666666,0.4351851851851852,13,32,white_space,,-
1698090518901,mouseMoved,/src/TwoSum.java,0.4598958333333333,0.4407407407407407,13,34,white_space,,-
1698090518966,mouseMoved,/src/TwoSum.java,0.49375,0.4537037037037037,13,41,white_space,,-
1698090519036,mouseMoved,/src/TwoSum.java,0.5291666666666667,0.4638888888888889,14,48,white_space,,-
1698090519106,mouseMoved,/src/TwoSum.java,0.5385416666666667,0.4666666666666667,14,49,white_space,,-
1698090519169,mouseMoved,/src/TwoSum.java,0.5395833333333333,0.4666666666666667,14,50,white_space,,-
1698090519239,mouseMoved,/src/TwoSum.java,0.5401041666666667,0.4666666666666667,14,50,white_space,,-
1698090519316,,/src/TwoSum.java,0.5401041666666667,0.4666666666666667,14,50,white_space,,-
1698090519387,,/src/TwoSum.java,0.5401041666666667,0.4666666666666667,14,50,white_space,,-
1698090519459,,/src/TwoSum.java,0.5401041666666667,0.4666666666666667,14,50,white_space,,-
1698090519534,,/src/TwoSum.java,0.5401041666666667,0.4666666666666667,14,50,white_space,,-
1698090519611,,/src/TwoSum.java,0.5401041666666667,0.4666666666666667,14,50,white_space,,-
1698090519692,,/src/TwoSum.java,0.5401041666666667,0.4666666666666667,14,50,white_space,,-
1698090519763,,/src/TwoSum.java,0.5401041666666667,0.4666666666666667,14,50,white_space,,-
1698090519880,mouseMoved,/src/TwoSum.java,0.5427083333333333,0.4666666666666667,14,50,white_space,,-
1698090519970,mouseMoved,/src/TwoSum.java,0.54375,0.4666666666666667,14,50,white_space,,-
1698090520048,,/src/TwoSum.java,0.54375,0.4666666666666667,14,50,white_space,,-
1698090520137,,/src/TwoSum.java,0.54375,0.4666666666666667,14,50,white_space,,-
1698090520217,,/src/TwoSum.java,0.54375,0.4666666666666667,14,50,white_space,,-
1698090520317,,/src/TwoSum.java,0.54375,0.4666666666666667,14,50,white_space,,-
1698090520404,,/src/TwoSum.java,0.54375,0.4666666666666667,14,50,white_space,,-
1698090520482,,/src/TwoSum.java,0.54375,0.4666666666666667,14,50,white_space,,-
1698090520585,,/src/TwoSum.java,0.54375,0.4666666666666667,14,50,white_space,,-
1698090520676,,/src/TwoSum.java,0.54375,0.4666666666666667,14,50,white_space,,-
1698090520772,,/src/TwoSum.java,0.54375,0.4666666666666667,14,50,white_space,,-
1698090520837,mouseMoved,/src/TwoSum.java,0.5140625,0.449074074074074,13,45,white_space,,-
1698090520913,mouseMoved,/src/TwoSum.java,0.4203125,0.3666666666666666,10,27,identifier,containsKey,-
1698090520992,mouseMoved,/src/TwoSum.java,0.3302083333333333,0.2648148148148148,6,9,white_space,,-
1698090521077,mouseMoved,-,0.2796875,0.1842592592592592,-,-,-,-,Out of Text Editor
1698090521169,mouseMoved,-,0.2765625,0.1462962962962962,-,-,-,-,Out of Text Editor
1698090521251,mouseMoved,-,0.2723958333333333,0.1296296296296296,-,-,-,-,Out of Text Editor
1698090521335,,-,0.2723958333333333,0.1296296296296296,-,-,-,-,Out of Text Editor
1698090521416,mouseMoved,-,0.2765625,0.2074074074074074,-,-,-,-,Out of Text Editor
1698090521495,mouseMoved,/src/TwoSum.java,0.2901041666666666,0.2712962962962963,6,2,white_space,,-
1698090521575,mouseMoved,/src/TwoSum.java,0.3,0.2935185185185185,7,4,white_space,,-
1698090521650,mouseMoved,/src/TwoSum.java,0.3125,0.324074074074074,8,6,white_space,,-
1698090521733,mouseMoved,/src/TwoSum.java,0.3302083333333333,0.3638888888888889,10,9,white_space,,-
1698090521816,mouseMoved,/src/TwoSum.java,0.3151041666666667,0.4287037037037037,12,7,white_space,,-
1698090521894,mouseMoved,-,0.2411458333333333,0.4666666666666667,-,-,-,-,Out of Text Editor
1698090521984,,-,0.159375,0.4592592592592592,-,-,-,-,Out of Text Editor
1698090522065,,-,0.1552083333333333,0.4574074074074074,-,-,-,-,Out of Text Editor
1698090522143,,-,0.1484375,0.4416666666666666,-,-,-,-,Out of Text Editor
1698090522211,,-,0.1359375,0.4407407407407407,-,-,-,-,Out of Text Editor
1698090522316,,-,0.1182291666666666,0.4462962962962963,-,-,-,-,Out of Text Editor
1698090522402,,-,0.1171875,0.4462962962962963,-,-,-,-,Out of Text Editor
1698090522480,,-,0.1171875,0.4462962962962963,-,-,-,-,Out of Text Editor
1698090522566,,-,0.1171875,0.4462962962962963,-,-,-,-,Out of Text Editor
1698090522645,,-,0.1171875,0.4462962962962963,-,-,-,-,Out of Text Editor
1698090522739,,-,0.1171875,0.4462962962962963,-,-,-,-,Out of Text Editor
1698090522814,,-,0.1171875,0.4462962962962963,-,-,-,-,Out of Text Editor
1698090522900,,-,0.1171875,0.4462962962962963,-,-,-,-,Out of Text Editor
1698090522987,fileOpened,-,0.1171875,0.4462962962962963,-,-,-,-,Out of Text Editor
1698090523079,fileOpened,-,0.1171875,0.4462962962962963,-,-,-,-,Out of Text Editor
1698090523170,fileOpened,-,0.1171875,0.4462962962962963,-,-,-,-,Out of Text Editor
1698090523258,fileOpened,-,0.1171875,0.4462962962962963,-,-,-,-,Out of Text Editor
1698090523371,fileOpened,-,0.1333333333333333,0.4277777777777777,-,-,-,-,Out of Text Editor
1698090523456,fileOpened,-,0.1359375,0.425,-,-,-,-,Out of Text Editor
1698090523536,fileOpened,-,0.1359375,0.425,-,-,-,-,Out of Text Editor
1698090523621,fileOpened,-,0.1359375,0.425,-,-,-,-,Out of Text Editor
1698090523711,fileOpened,-,0.1359375,0.425,-,-,-,-,Out of Text Editor
1698090523800,selectionChanged,-,0.1359375,0.425,-,-,-,-,Out of Text Editor
1698090523896,selectionChanged,-,0.1359375,0.425,-,-,-,-,Out of Text Editor
1698090523985,mouseMoved,/src/TwoSum.java,0.2895833333333333,0.4064814814814815,12,2,white_space,,-
1698090524074,mouseMoved,/src/TwoSum.java,0.4708333333333333,0.3898148148148148,11,36,identifier,numMap,-
1698090524160,mousePressed,/src/TwoSum.java,0.4708333333333333,0.3898148148148148,11,36,identifier,numMap,-
1698090524243,mouseReleased,/src/TwoSum.java,0.4708333333333333,0.3898148148148148,11,36,identifier,numMap,-
1698090524332,mouseReleased,/src/TwoSum.java,0.4708333333333333,0.3898148148148148,11,36,identifier,numMap,-
1698090524452,mouseReleased,/src/TwoSum.java,0.4708333333333333,0.3898148148148148,11,36,identifier,numMap,-
1698090524541,mouseReleased,/src/TwoSum.java,0.4708333333333333,0.3898148148148148,11,36,identifier,numMap,-
1698090524620,mouseReleased,/src/TwoSum.java,0.4708333333333333,0.3898148148148148,11,36,identifier,numMap,-
1698090524697,mouseReleased,/src/TwoSum.java,0.4708333333333333,0.3898148148148148,11,36,identifier,numMap,-
1698090524793,SaveAll,/src/TwoSum.java,0.4708333333333333,0.3898148148148148,11,36,identifier,numMap,-
1698090524873,mouseMoved,/src/TwoSum.java,0.4729166666666666,0.3898148148148148,11,37,identifier,numMap,-
1698090524953,mouseMoved,/src/TwoSum.java,0.5109375,0.3916666666666666,11,44,identifier,complement,-
1698090525078,mouseMoved,/src/TwoSum.java,0.5604166666666667,0.4,11,54,rparenth,),-
1698090525184,SaveAll,/src/TwoSum.java,0.5604166666666667,0.4,11,54,rparenth,),-
1698090525301,SaveAll,/src/TwoSum.java,0.5604166666666667,0.4,11,54,rparenth,),-
1698090525400,SaveAll,/src/TwoSum.java,0.5604166666666667,0.4,11,54,rparenth,),-
1698090525497,SaveAll,/src/TwoSum.java,0.5604166666666667,0.4,11,54,rparenth,),-
1698090525611,SaveAll,/src/TwoSum.java,0.5604166666666667,0.4,11,54,rparenth,),-
1698090525705,SaveAll,/src/TwoSum.java,0.5604166666666667,0.4,11,54,rparenth,),-
1698090525786,SaveAll,/src/TwoSum.java,0.5604166666666667,0.4,11,54,rparenth,),-
1698090525872,SaveAll,/src/TwoSum.java,0.5604166666666667,0.4,11,54,rparenth,),-
1698090525960,SaveAll,/src/TwoSum.java,0.5604166666666667,0.4,11,54,rparenth,),-
1698090526049,ReformatCode,/src/TwoSum.java,0.5604166666666667,0.4,11,54,rparenth,),-
1698090526151,ReformatCode,/src/TwoSum.java,0.5604166666666667,0.4,11,54,rparenth,),-
1698090526254,ReformatCode,/src/TwoSum.java,0.5604166666666667,0.4,11,54,rparenth,),-
1698090526346,ReformatCode,/src/TwoSum.java,0.5604166666666667,0.4,11,54,rparenth,),-
1698090526444,ReformatCode,/src/TwoSum.java,0.5604166666666667,0.4,11,54,rparenth,),-
1698090526517,SaveAll,/src/TwoSum.java,0.5604166666666667,0.4,11,54,rparenth,),-
1698090526606,SaveAll,/src/TwoSum.java,0.5604166666666667,0.4,11,54,rparenth,),-
1698090526709,mouseMoved,/src/TwoSum.java,0.5661458333333333,0.4,11,55,comma,",",-
1698090526850,mouseMoved,/src/TwoSum.java,0.5776041666666667,0.4,11,57,identifier,i,-
1698090526966,mouseMoved,/src/TwoSum.java,0.6015625,0.3925925925925926,11,62,white_space,,-
1698090527080,SaveAll,/src/TwoSum.java,0.6052083333333333,0.3907407407407407,11,62,white_space,,-
1698090527188,mouseReleased,/src/TwoSum.java,0.6052083333333333,0.3907407407407407,11,62,white_space,,-
1698090527296,mouseReleased,/src/TwoSum.java,0.6052083333333333,0.3907407407407407,11,62,white_space,,-
1698090527408,mouseReleased,/src/TwoSum.java,0.6052083333333333,0.3907407407407407,11,62,white_space,,-
1698090527499,mouseReleased,/src/TwoSum.java,0.6052083333333333,0.3907407407407407,11,62,white_space,,-
1698090527585,mouseReleased,/src/TwoSum.java,0.6052083333333333,0.3907407407407407,11,62,white_space,,-
1698090527682,SaveAll,/src/TwoSum.java,0.6052083333333333,0.3907407407407407,11,62,white_space,,-
1698090527778,EditorEnter,/src/TwoSum.java,0.6052083333333333,0.3907407407407407,11,62,white_space,,-
1698090527849,EditorEnter,/src/TwoSum.java,0.6052083333333333,0.3907407407407407,11,62,white_space,,-
1698090527957,EditorEnter,/src/TwoSum.java,0.6052083333333333,0.3907407407407407,11,62,white_space,,-
1698090528056,EditorEnter,/src/TwoSum.java,0.6052083333333333,0.3907407407407407,11,62,white_space,,-
1698090528141,EditorEnter,/src/TwoSum.java,0.6052083333333333,0.3907407407407407,11,62,white_space,,-
1698090528251,EditorEnter,/src/TwoSum.java,0.6052083333333333,0.3907407407407407,11,62,white_space,,-
1698090528343,SaveAll,/src/TwoSum.java,0.6052083333333333,0.3907407407407407,11,62,white_space,,-
1698090528429,SaveAll,/src/TwoSum.java,0.6052083333333333,0.3907407407407407,11,62,white_space,,-
1698090528515,,/src/TwoSum.java,0.6052083333333333,0.3907407407407407,11,62,white_space,,-
1698090528603,,/src/TwoSum.java,0.6052083333333333,0.3907407407407407,11,62,white_space,,-
1698090528692,Typing p,/src/TwoSum.java,0.6052083333333333,0.3907407407407407,11,62,white_space,,-
1698090528772,Typing p,/src/TwoSum.java,0.6052083333333333,0.3907407407407407,11,62,white_space,,-
1698090528862,Typing r,/src/TwoSum.java,0.6052083333333333,0.3907407407407407,11,62,white_space,,-
1698090528957,Typing r,/src/TwoSum.java,0.6052083333333333,0.3907407407407407,11,62,white_space,,-
1698090529052,Typing i,/src/TwoSum.java,0.6052083333333333,0.3907407407407407,11,62,white_space,,-
1698090529143,Typing i,/src/TwoSum.java,0.6052083333333333,0.3907407407407407,11,62,white_space,,-
1698090529233,Typing n,/src/TwoSum.java,0.6052083333333333,0.3907407407407407,11,62,white_space,,-
1698090529337,Typing t,/src/TwoSum.java,0.6052083333333333,0.3907407407407407,11,62,white_space,,-
1698090529427,Typing t,/src/TwoSum.java,0.6052083333333333,0.3907407407407407,11,62,white_space,,-
1698090529510,Typing t,/src/TwoSum.java,0.6052083333333333,0.3907407407407407,11,62,white_space,,-
1698090529599,Typing s,/src/TwoSum.java,0.6052083333333333,0.3907407407407407,11,62,white_space,,-
1698090529690,Typing s,/src/TwoSum.java,0.6052083333333333,0.3907407407407407,11,62,white_space,,-
1698090529788,Typing s,/src/TwoSum.java,0.6052083333333333,0.3907407407407407,11,62,white_space,,-
1698090529884,Typing s,/src/TwoSum.java,0.6052083333333333,0.3907407407407407,11,62,white_space,,-
1698090529986,Typing d,/src/TwoSum.java,0.6052083333333333,0.3907407407407407,11,62,white_space,,-
1698090530072,Typing d,/src/TwoSum.java,0.6052083333333333,0.3907407407407407,11,62,white_space,,-
1698090530162,Typing c,/src/TwoSum.java,0.6052083333333333,0.3907407407407407,11,62,white_space,,-
1698090530252,Typing d,/src/TwoSum.java,0.6052083333333333,0.3907407407407407,11,62,white_space,,-
1698090530345,Typing s,/src/TwoSum.java,0.6052083333333333,0.3907407407407407,11,62,white_space,,-
1698090530430,Typing s,/src/TwoSum.java,0.6052083333333333,0.3907407407407407,11,62,white_space,,-
1698090530519,Typing s,/src/TwoSum.java,0.6052083333333333,0.3907407407407407,11,62,white_space,,-
1698090530602,Typing f,/src/TwoSum.java,0.6052083333333333,0.3907407407407407,11,62,white_space,,-
1698090530703,Typing a,/src/TwoSum.java,0.6052083333333333,0.3907407407407407,11,62,white_space,,-
1698090530801,Typing a,/src/TwoSum.java,0.6052083333333333,0.3907407407407407,11,62,white_space,,-
1698090530904,Typing a,/src/TwoSum.java,0.6052083333333333,0.3907407407407407,11,62,white_space,,-
1698090530990,Typing a,/src/TwoSum.java,0.6052083333333333,0.3907407407407407,11,62,white_space,,-
1698090531069,Typing a,/src/TwoSum.java,0.6052083333333333,0.3907407407407407,11,62,white_space,,-
1698090531158,Typing c,/src/TwoSum.java,0.6052083333333333,0.3907407407407407,11,62,white_space,,-
1698090531258,Typing s,/src/TwoSum.java,0.6052083333333333,0.3907407407407407,11,62,white_space,,-
1698090531349,EditorBackSpace,/src/TwoSum.java,0.6052083333333333,0.3907407407407407,11,62,white_space,,-
1698090531461,EditorBackSpace,/src/TwoSum.java,0.6052083333333333,0.3907407407407407,11,62,white_space,,-
1698090531536,EditorBackSpace,/src/TwoSum.java,0.6052083333333333,0.3907407407407407,11,62,white_space,,-
1698090531627,EditorBackSpace,/src/TwoSum.java,0.6052083333333333,0.3907407407407407,11,62,white_space,,-
1698090531707,EditorBackSpace,/src/TwoSum.java,0.6052083333333333,0.3907407407407407,11,62,white_space,,-
1698090531795,EditorBackSpace,/src/TwoSum.java,0.6052083333333333,0.3907407407407407,11,62,white_space,,-
1698090531874,EditorBackSpace,/src/TwoSum.java,0.6052083333333333,0.3907407407407407,11,62,white_space,,-
1698090531961,EditorBackSpace,/src/TwoSum.java,0.6052083333333333,0.3907407407407407,11,62,white_space,,-
1698090532049,EditorBackSpace,/src/TwoSum.java,0.6052083333333333,0.3907407407407407,11,62,white_space,,-
1698090532140,EditorBackSpace,/src/TwoSum.java,0.6052083333333333,0.3907407407407407,11,62,white_space,,-
1698090532235,EditorBackSpace,/src/TwoSum.java,0.6052083333333333,0.3907407407407407,11,62,white_space,,-
1698090532337,EditorBackSpace,/src/TwoSum.java,0.6052083333333333,0.3907407407407407,11,62,white_space,,-
1698090532432,EditorBackSpace,/src/TwoSum.java,0.6052083333333333,0.3907407407407407,11,62,white_space,,-
1698090532516,EditorBackSpace,/src/TwoSum.java,0.6052083333333333,0.3907407407407407,11,62,white_space,,-
1698090532593,EditorBackSpace,/src/TwoSum.java,0.6052083333333333,0.3907407407407407,11,62,white_space,,-
1698090532676,EditorBackSpace,/src/TwoSum.java,0.6052083333333333,0.3907407407407407,11,62,white_space,,-
1698090532763,EditorBackSpace,/src/TwoSum.java,0.6052083333333333,0.3907407407407407,11,62,white_space,,-
1698090532835,EditorBackSpace,/src/TwoSum.java,0.6052083333333333,0.3907407407407407,11,62,white_space,,-
1698090532922,EditorBackSpace,/src/TwoSum.java,0.6052083333333333,0.3907407407407407,11,62,white_space,,-
1698090533009,EditorBackSpace,/src/TwoSum.java,0.6052083333333333,0.3907407407407407,11,62,white_space,,-
1698090533096,EditorBackSpace,/src/TwoSum.java,0.6052083333333333,0.3907407407407407,11,62,white_space,,-
1698090533169,EditorBackSpace,/src/TwoSum.java,0.6052083333333333,0.3907407407407407,11,62,white_space,,-
1698090533258,EditorBackSpace,/src/TwoSum.java,0.6052083333333333,0.3907407407407407,11,62,white_space,,-
1698090533360,EditorBackSpace,/src/TwoSum.java,0.6052083333333333,0.3907407407407407,11,62,white_space,,-
1698090533441,EditorBackSpace,/src/TwoSum.java,0.6052083333333333,0.3907407407407407,11,62,white_space,,-
1698090533517,EditorBackSpace,/src/TwoSum.java,0.6052083333333333,0.3907407407407407,11,62,white_space,,-
1698090533607,EditorBackSpace,/src/TwoSum.java,0.6052083333333333,0.3907407407407407,11,62,white_space,,-
1698090533692,EditorBackSpace,/src/TwoSum.java,0.6052083333333333,0.3907407407407407,11,62,white_space,,-
1698090533777,EditorBackSpace,/src/TwoSum.java,0.6052083333333333,0.3907407407407407,11,62,white_space,,-
1698090533875,EditorBackSpace,/src/TwoSum.java,0.6052083333333333,0.3907407407407407,11,62,white_space,,-
1698090533961,EditorBackSpace,/src/TwoSum.java,0.6052083333333333,0.3907407407407407,11,62,white_space,,-
1698090534051,EditorBackSpace,/src/TwoSum.java,0.6052083333333333,0.3907407407407407,11,62,white_space,,-
1698090534149,EditorBackSpace,/src/TwoSum.java,0.6052083333333333,0.3907407407407407,11,62,white_space,,-
1698090534226,EditorBackSpace,/src/TwoSum.java,0.6052083333333333,0.3907407407407407,11,62,white_space,,-
1698090534337,EditorBackSpace,/src/TwoSum.java,0.6052083333333333,0.3907407407407407,11,62,white_space,,-
1698090534462,,/src/TwoSum.java,0.6052083333333333,0.3907407407407407,11,62,white_space,,-
1698090534550,SaveAll,/src/TwoSum.java,0.6052083333333333,0.3907407407407407,11,62,white_space,,-
1698090534626,SaveAll,/src/TwoSum.java,0.6052083333333333,0.3907407407407407,11,62,white_space,,-
1698090534709,SaveAll,/src/TwoSum.java,0.6052083333333333,0.3907407407407407,11,62,white_space,,-
1698090534806,SaveAll,/src/TwoSum.java,0.6052083333333333,0.3907407407407407,11,62,white_space,,-
1698090534898,SaveAll,/src/TwoSum.java,0.6052083333333333,0.3907407407407407,11,62,white_space,,-
1698090534986,SaveAll,/src/TwoSum.java,0.6052083333333333,0.3907407407407407,11,62,white_space,,-
1698090535053,mouseMoved,/src/TwoSum.java,0.5802083333333333,0.4083333333333333,12,57,white_space,,-
1698090535144,mouseMoved,/src/TwoSum.java,0.5760416666666667,0.4314814814814814,13,57,white_space,,-
1698090535221,mouseReleased,/src/TwoSum.java,0.5760416666666667,0.4314814814814814,13,57,white_space,,-
1698090535312,mouseMoved,/src/TwoSum.java,0.5786458333333333,0.4314814814814814,13,57,white_space,,-
1698090535386,mouseReleased,/src/TwoSum.java,0.5786458333333333,0.4314814814814814,13,57,white_space,,-
1698090535492,mouseMoved,/src/TwoSum.java,0.528125,0.4314814814814814,13,47,white_space,,-
1698090535573,mouseMoved,/src/TwoSum.java,0.3557291666666666,0.3990740740740741,11,14,white_space,,-
1698090535656,mouseMoved,-,0.2333333333333333,0.3833333333333333,-,-,-,-,Out of Text Editor
1698090535739,SaveAll,-,0.1791666666666666,0.3694444444444444,-,-,-,-,Out of Text Editor
1698090535824,SaveAll,-,0.1427083333333333,0.3666666666666666,-,-,-,-,Out of Text Editor
1698090535904,SaveAll,-,0.1182291666666666,0.375,-,-,-,-,Out of Text Editor
1698090535973,SaveAll,-,0.0708333333333333,0.3796296296296296,-,-,-,-,Out of Text Editor
1698090536052,SaveAll,-,0.0489583333333333,0.3944444444444444,-,-,-,-,Out of Text Editor
1698090536157,SaveAll,-,0.0442708333333333,0.3953703703703703,-,-,-,-,Out of Text Editor
1698090536246,SaveAll,-,0.0427083333333333,0.3953703703703703,-,-,-,-,Out of Text Editor
1698090536333,SaveAll,-,0.0348958333333333,0.3953703703703703,-,-,-,-,Out of Text Editor
1698090536405,SaveAll,-,0.0338541666666666,0.3953703703703703,-,-,-,-,Out of Text Editor
1698090536488,SaveAll,-,0.0333333333333333,0.3777777777777777,-,-,-,-,Out of Text Editor
1698090536573,SaveAll,-,0.0322916666666666,0.3712962962962963,-,-,-,-,Out of Text Editor
1698090536666,SaveAll,-,0.0317708333333333,0.3712962962962963,-,-,-,-,Out of Text Editor
1698090536743,SaveAll,-,0.0317708333333333,0.3712962962962963,-,-,-,-,Out of Text Editor
1698090536816,SaveAll,-,0.0317708333333333,0.3712962962962963,-,-,-,-,Out of Text Editor
1698090536892,SaveAll,-,0.0317708333333333,0.3666666666666666,-,-,-,-,Out of Text Editor
1698090536970,SaveAll,-,0.0322916666666666,0.3638888888888889,-,-,-,-,Out of Text Editor
1698090537040,SaveAll,-,0.0322916666666666,0.3638888888888889,-,-,-,-,Out of Text Editor
1698090537127,SaveAll,-,0.0322916666666666,0.3638888888888889,-,-,-,-,Out of Text Editor
1698090537208,SaveAll,-,0.0322916666666666,0.3638888888888889,-,-,-,-,Out of Text Editor
1698090537288,SaveAll,-,0.0322916666666666,0.3638888888888889,-,-,-,-,Out of Text Editor
1698090537382,SaveAll,-,0.0322916666666666,0.3638888888888889,-,-,-,-,Out of Text Editor
1698090537480,SaveAll,-,0.0322916666666666,0.3638888888888889,-,-,-,-,Out of Text Editor
1698090537562,SaveAll,-,0.0322916666666666,0.3638888888888889,-,-,-,-,Out of Text Editor
1698090537644,SaveAll,-,0.0322916666666666,0.3638888888888889,-,-,-,-,Out of Text Editor
1698090537729,,-,0.0322916666666666,0.3638888888888889,-,-,-,-,Out of Text Editor
1698090537811,,-,0.0322916666666666,0.3638888888888889,-,-,-,-,Out of Text Editor
1698090537888,,-,0.0322916666666666,0.3638888888888889,-,-,-,-,Out of Text Editor
1698090537951,,-,0.0385416666666666,0.362962962962963,-,-,-,-,Out of Text Editor
1698090538027,,-,0.1255208333333333,0.3398148148148148,-,-,-,-,Out of Text Editor
1698090538101,,-,0.2119791666666666,0.2685185185185185,-,-,-,-,Out of Text Editor
1698090538169,mouseMoved,-,0.2390625,0.225,-,-,-,-,Out of Text Editor
1698090538239,mouseMoved,-,0.2479166666666666,0.1944444444444444,-,-,-,-,Out of Text Editor
1698090538321,mouseMoved,/src/TwoSum.java,0.4421875,0.3518518518518518,9,31,white_space,,-
1698090538401,mouseMoved,/src/TwoSum.java,0.5447916666666667,0.5388888888888889,17,51,white_space,,-
1698090538476,mouseReleased,/src/TwoSum.java,0.5447916666666667,0.5388888888888889,17,51,white_space,,-
1698090538576,mouseReleased,/src/TwoSum.java,0.5447916666666667,0.5388888888888889,17,51,white_space,,-
1698090538668,mouseReleased,/src/TwoSum.java,0.5447916666666667,0.5388888888888889,17,51,white_space,,-
1698090538739,mouseMoved,/src/TwoSum.java,0.5473958333333333,0.5194444444444445,16,51,white_space,,-
1698090538832,mouseMoved,/src/TwoSum.java,0.55,0.5074074074074074,16,52,white_space,,-
1698090538914,mousePressed,/src/TwoSum.java,0.55,0.5074074074074074,16,52,white_space,,-
1698090539006,mouseReleased,/src/TwoSum.java,0.55,0.5074074074074074,16,52,white_space,,-
1698090539082,mouseMoved,/src/TwoSum.java,0.5567708333333333,0.4842592592592593,15,53,white_space,,-
1698090539157,mouseMoved,/src/TwoSum.java,0.5802083333333333,0.3935185185185185,11,57,identifier,i,-
1698090539246,mouseMoved,/src/TwoSum.java,0.5848958333333333,0.375,10,58,white_space,,-
1698090539322,mouseMoved,/src/TwoSum.java,0.5848958333333333,0.3685185185185185,10,58,white_space,,-
1698090539415,mouseMoved,/src/TwoSum.java,0.4916666666666666,0.2361111111111111,5,40,new_keyword,new,-
1698090539492,mouseMoved,/src/TwoSum.java,0.4322916666666667,0.1629629629629629,2,29,white_space,,-
1698090539581,mouseMoved,/src/TwoSum.java,0.4229166666666666,0.1564814814814814,2,27,white_space,,-
1698090539665,,/src/TwoSum.java,0.4229166666666666,0.1564814814814814,2,27,white_space,,-
1698090539741,mouseMoved,/src/TwoSum.java,0.3911458333333333,0.1462962962962962,1,21,white_space,,-
1698090539806,mouseMoved,-,0.2890625,0.0777777777777777,-,-,-,-,Out of Text Editor
1698090539873,mouseMoved,-,0.2645833333333333,0.0481481481481481,-,-,-,-,Out of Text Editor
1698090539946,,-,0.2614583333333333,0.0361111111111111,-,-,-,-,Out of Text Editor
1698090540027,,-,0.2604166666666667,0.0231481481481481,-,-,-,-,Out of Text Editor
1698090540116,,-,0.2604166666666667,0.0185185185185185,-,-,-,-,Out of Text Editor
1698090540189,,-,0.2796875,0.0435185185185185,-,-,-,-,Out of Text Editor
1698090540264,mouseMoved,/src/TwoSum.java,0.353125,0.1527777777777778,2,14,white_space,,-
1698090540359,mouseMoved,/src/TwoSum.java,0.3921875,0.2009259259259259,4,21,lbracket,[,-
1698090540447,mouseMoved,/src/TwoSum.java,0.3921875,0.2027777777777777,6,21,white_space,,-
1698090540538,,/src/TwoSum.java,0.3921875,0.2027777777777777,9,21,white_space,,-
1698090540615,,/src/TwoSum.java,0.3921875,0.2027777777777777,13,21,white_space,,-
1698090540709,mouseMoved,/src/TwoSum.java,0.4098958333333333,0.2212962962962963,13,25,white_space,,-
1698090540802,mouseMoved,/src/TwoSum.java,0.4354166666666667,0.2601851851851852,15,30,white_space,,-
1698090540889,mouseMoved,/src/TwoSum.java,0.4375,0.2694444444444444,15,30,white_space,,-
1698090540964,mouseMoved,/src/TwoSum.java,0.4375,0.2703703703703703,15,30,white_space,,-
1698090541048,mouseMoved,/src/TwoSum.java,0.4380208333333333,0.2703703703703703,15,30,white_space,,-
1698090541135,mouseMoved,/src/TwoSum.java,0.4567708333333333,0.2759259259259259,15,34,white_space,,-
1698090541205,mouseMoved,/src/TwoSum.java,0.4677083333333333,0.2759259259259259,15,36,white_space,,-
1698090541281,mouseMoved,/src/TwoSum.java,0.3848958333333333,0.1481481481481481,10,20,identifier,numMap,-
1698090541367,,-,0.290625,0.0111111111111111,-,-,-,-,Out of Text Editor
1698090541438,,-,0.2817708333333333,0.0,-,-,-,-,Out of Text Editor
1698090541515,,-,0.2744791666666666,0.0,-,-,-,-,Out of Text Editor
1698090541591,,-,0.271875,0.0009259259259259,-,-,-,-,Out of Text Editor
1698090541658,,-,0.2713541666666667,0.0157407407407407,-,-,-,-,Out of Text Editor
1698090541746,,-,0.271875,0.0185185185185185,-,-,-,-,Out of Text Editor
1698090541826,,-,0.271875,0.0185185185185185,-,-,-,-,Out of Text Editor
1698090541901,,-,0.271875,0.0185185185185185,-,-,-,-,Out of Text Editor
1698090541984,,-,0.271875,0.0185185185185185,-,-,-,-,Out of Text Editor
1698090542062,,-,0.271875,0.0185185185185185,-,-,-,-,Out of Text Editor
1698090542146,,-,0.271875,0.0185185185185185,-,-,-,-,Out of Text Editor
1698090542233,,-,0.271875,0.0185185185185185,-,-,-,-,Out of Text Editor
1698090542319,,-,0.271875,0.0185185185185185,-,-,-,-,Out of Text Editor
1698090542390,,-,0.271875,0.0185185185185185,-,-,-,-,Out of Text Editor
1698090542458,,-,0.271875,0.0185185185185185,-,-,-,-,Out of Text Editor
1698090542521,,-,0.2984375,0.0453703703703703,-,-,-,-,Out of Text Editor
1698090542586,mouseMoved,/src/TwoSum.java,0.5364583333333334,0.2759259259259259,15,49,white_space,,-
1698090542660,mouseMoved,/src/TwoSum.java,0.5401041666666667,0.2787037037037037,16,50,white_space,,-
1698090542753,mousePressed,/src/TwoSum.java,0.5401041666666667,0.2787037037037037,16,50,white_space,,-
1698090542834,mousePressed,/src/TwoSum.java,0.5401041666666667,0.2787037037037037,16,50,white_space,,-
1698090542926,mouseReleased,/src/TwoSum.java,0.5401041666666667,0.2787037037037037,16,50,white_space,,-
1698090543008,mouseMoved,/src/TwoSum.java,0.5401041666666667,0.2787037037037037,16,50,white_space,,-
1698090543077,mouseMoved,/src/TwoSum.java,0.6557291666666667,0.3509259259259259,18,72,white_space,,-
1698090543158,mouseDragged,/src/TwoSum.java,0.5703125,0.3361111111111111,18,56,white_space,,-
1698090543239,mouseDragged,/src/TwoSum.java,0.3666666666666666,0.2740740740740741,15,16,white_space,,-
1698090543308,mouseMoved,/src/TwoSum.java,0.3713541666666666,0.2740740740740741,15,17,white_space,,-
1698090543381,mouseMoved,/src/TwoSum.java,0.5036458333333333,0.374074074074074,19,43,white_space,,-
1698090543461,mouseDragged,/src/TwoSum.java,0.5375,0.4166666666666667,21,49,white_space,,-
1698090543542,mouseDragged,/src/TwoSum.java,0.5390625,0.4435185185185185,22,50,white_space,,-
1698090543605,mouseMoved,/src/TwoSum.java,0.5453125,0.4898148148148148,24,51,white_space,,-
1698090543680,mouseMoved,/src/TwoSum.java,0.5505208333333333,0.5148148148148148,25,52,white_space,,-
1698090543756,mouseMoved,/src/TwoSum.java,0.5515625,0.5185185185185185,25,52,white_space,,-
1698090543825,mouseMoved,/src/TwoSum.java,0.4583333333333333,0.4722222222222222,23,34,white_space,,-
1698090543897,mouseMoved,/src/TwoSum.java,0.45625,0.4712962962962962,23,34,white_space,,-
1698090543979,mouseDragged,/src/TwoSum.java,0.4645833333333333,0.512962962962963,25,35,white_space,,-
1698090544065,mouseMoved,/src/TwoSum.java,0.49375,0.5601851851851852,27,41,string_literal,"""Indices found: """,-
1698090544180,mouseMoved,/src/TwoSum.java,0.50078125,0.5314814814814814,26,42,white_space,,-
1698090544265,mouseMoved,/src/TwoSum.java,0.5494791666666666,0.3833333333333333,20,52,white_space,,-
1698090544360,mouseMoved,/src/TwoSum.java,0.5546875,0.3203703703703703,17,53,white_space,,-
1698090544458,mouseReleased,/src/TwoSum.java,0.5546875,0.3203703703703703,17,53,white_space,,-
1698090544551,mouseMoved,/src/TwoSum.java,0.4375,0.1907407407407407,12,30,white_space,,-
1698090544621,mouseMoved,-,0.3458333333333333,0.0759259259259259,-,-,-,-,Out of Text Editor
1698090544696,mouseReleased,-,0.3072916666666667,0.0564814814814814,-,-,-,-,Out of Text Editor
1698090544775,mouseReleased,-,0.2640625,0.0361111111111111,-,-,-,-,Out of Text Editor
1698090544846,mouseReleased,-,0.2552083333333333,0.0222222222222222,-,-,-,-,Out of Text Editor
1698090544933,,-,0.2552083333333333,0.0138888888888888,-,-,-,-,Out of Text Editor
1698090545012,,-,0.2697916666666666,0.012037037037037,-,-,-,-,Out of Text Editor
1698090545091,,-,0.28125,0.0148148148148148,-,-,-,-,Out of Text Editor
1698090545173,,-,0.2822916666666666,0.0157407407407407,-,-,-,-,Out of Text Editor
1698090545249,,-,0.2822916666666666,0.0157407407407407,-,-,-,-,Out of Text Editor
1698090545327,,-,0.2822916666666666,0.0157407407407407,-,-,-,-,Out of Text Editor
1698090545398,,-,0.2822916666666666,0.0157407407407407,-,-,-,-,Out of Text Editor
1698090545468,,-,0.2822916666666666,0.0157407407407407,-,-,-,-,Out of Text Editor
1698090545554,,-,0.2822916666666666,0.0157407407407407,-,-,-,-,Out of Text Editor
1698090545627,,-,0.2822916666666666,0.0157407407407407,-,-,-,-,Out of Text Editor
1698090545694,,-,0.2822916666666666,0.0157407407407407,-,-,-,-,Out of Text Editor
1698090545762,,-,0.2822916666666666,0.0157407407407407,-,-,-,-,Out of Text Editor
1698090545842,,-,0.2822916666666666,0.0157407407407407,-,-,-,-,Out of Text Editor
1698090545911,,-,0.2822916666666666,0.0157407407407407,-,-,-,-,Out of Text Editor
1698090545979,,-,0.2822916666666666,0.0157407407407407,-,-,-,-,Out of Text Editor
1698090546074,,-,0.2822916666666666,0.0157407407407407,-,-,-,-,Out of Text Editor
1698090546136,,-,0.2822916666666666,0.0157407407407407,-,-,-,-,Out of Text Editor
1698090546212,,-,0.2822916666666666,0.0157407407407407,-,-,-,-,Out of Text Editor
1698090546276,,-,0.2822916666666666,0.0157407407407407,-,-,-,-,Out of Text Editor
1698090546342,,-,0.2822916666666666,0.0157407407407407,-,-,-,-,Out of Text Editor
1698090546414,,-,0.2822916666666666,0.0157407407407407,-,-,-,-,Out of Text Editor
1698090546496,,-,0.2822916666666666,0.0157407407407407,-,-,-,-,Out of Text Editor
1698090546563,,-,0.2822916666666666,0.0157407407407407,-,-,-,-,Out of Text Editor
1698090546642,,-,0.2822916666666666,0.0157407407407407,-,-,-,-,Out of Text Editor
1698090546708,,-,0.2822916666666666,0.0157407407407407,-,-,-,-,Out of Text Editor
1698090546776,,-,0.2822916666666666,0.0157407407407407,-,-,-,-,Out of Text Editor
1698090546845,,-,0.2822916666666666,0.0157407407407407,-,-,-,-,Out of Text Editor
1698090546920,,-,0.2822916666666666,0.0157407407407407,-,-,-,-,Out of Text Editor
1698090546991,,-,0.2822916666666666,0.0157407407407407,-,-,-,-,Out of Text Editor
1698090547071,,-,0.2822916666666666,0.0157407407407407,-,-,-,-,Out of Text Editor
1698090547148,,-,0.2822916666666666,0.0157407407407407,-,-,-,-,Out of Text Editor
1698090547223,,-,0.2875,0.0268518518518518,-,-,-,-,Out of Text Editor
1698090547297,,-,0.2979166666666666,0.0407407407407407,-,-,-,-,Out of Text Editor
1698090547377,,-,0.3125,0.0759259259259259,-,-,-,-,Out of Text Editor
1698090547447,,/src/TwoSum.java,0.3161458333333333,0.1018518518518518,9,7,white_space,,-
1698090547526,,-,0.2619791666666666,0.0537037037037037,-,-,-,-,Out of Text Editor
1698090547590,,-,0.2416666666666666,0.0166666666666666,-,-,-,-,Out of Text Editor
1698090547668,,-,0.2583333333333333,0.0037037037037037,-,-,-,-,Out of Text Editor
1698090547757,,-,0.2755208333333333,0.0,-,-,-,-,Out of Text Editor
1698090547850,,-,0.2755208333333333,0.0,-,-,-,-,Out of Text Editor
1698090547933,,-,0.2755208333333333,0.0,-,-,-,-,Out of Text Editor
1698090548012,,-,0.2755208333333333,0.0,-,-,-,-,Out of Text Editor
1698090548089,,-,0.2828125,0.0537037037037037,-,-,-,-,Out of Text Editor
1698090548158,,/src/TwoSum.java,0.2916666666666667,0.124074074074074,10,2,white_space,,-
1698090548232,,/src/TwoSum.java,0.2942708333333333,0.1462962962962962,10,3,white_space,,-
1698090548316,,/src/TwoSum.java,0.2953125,0.1648148148148148,11,3,white_space,,-
1698090548395,,/src/TwoSum.java,0.2953125,0.1657407407407407,11,3,white_space,,-
1698090548464,,/src/TwoSum.java,0.2953125,0.1657407407407407,11,3,white_space,,-
1698090548555,,/src/TwoSum.java,0.3057291666666666,0.1527777777777778,11,5,white_space,,-
1698090548633,,/src/TwoSum.java,0.3072916666666667,0.1509259259259259,11,5,white_space,,-
1698090548721,,/src/TwoSum.java,0.3072916666666667,0.1509259259259259,11,5,white_space,,-
1698090548804,,/src/TwoSum.java,0.3072916666666667,0.1509259259259259,11,5,white_space,,-
1698090548881,,/src/TwoSum.java,0.3072916666666667,0.1509259259259259,11,5,white_space,,-
1698090548969,,/src/TwoSum.java,0.3072916666666667,0.1509259259259259,11,5,white_space,,-
1698090549057,,,,,,,,,
1698090549125,,,,,,,,,
1698090549199,,,,,,,,,
1698090549286,,,,,,,,,
1698090549365,,,,,,,,,
1698090549445,,,,,,,,,
1698090549515,,,,,,,,,
1698090549581,,,,,,,,,
1698090549653,,,,,,,,,
1698090549745,,,,,,,,,
1698090549815,,,,,,,,,
1698090549898,,,,,,,,,
1698090549964,,,,,,,,,
1698090550025,,,,,,,,,
1698090550093,,,,,,,,,
1698090550163,,,,,,,,,
1698090550235,,,,,,,,,
1698090550313,,,,,,,,,
1698090550378,,,,,,,,,
1698090550447,,,,,,,,,
1698090550517,,,,,,,,,
1698090550614,,,,,,,,,
1698090550682,,,,,,,,,
1698090550766,,,,,,,,,
1698090550834,,,,,,,,,
1698090550909,,,,,,,,,
1698090550979,,,,,,,,,
1698090551047,,,,,,,,,
1698090551115,,,,,,,,,
1698090551181,,,,,,,,,
1698090551240,,,,,,,,,
1698090551316,,,,,,,,,
1698090551376,,,,,,,,,
1698090551459,,,,,,,,,
1698090551536,,,,,,,,,
1698090551628,,,,,,,,,
1698090551708,,,,,,,,,
1698090551789,,,,,,,,,
1698090551880,,,,,,,,,
1698090551958,,,,,,,,,
1698090552034,,,,,,,,,
1698090552112,,,,,,,,,
1698090552181,,,,,,,,,
1698090552257,,,,,,,,,
1698090552338,,,,,,,,,
1698090552432,,,,,,,,,
1698090552504,,,,,,,,,
1698090552592,,,,,,,,,
1698090552666,,,,,,,,,
1698090552738,,,,,,,,,
1698090552814,,,,,,,,,
1698090552890,,,,,,,,,
1698090552978,,,,,,,,,
1698090553053,,,,,,,,,
1698090553140,,,,,,,,,
1698090553220,,,,,,,,,
1698090553303,,,,,,,,,
1698090553401,,,,,,,,,
1698090553480,,,,,,,,,
1698090553552,,,,,,,,,
1698090553642,,,,,,,,,
1698090553728,,,,,,,,,
1698090553799,,,,,,,,,
1698090553869,,,,,,,,,
1698090553955,,,,,,,,,
1698090554030,,,,,,,,,
1698090554110,,,,,,,,,
1698090554197,,,,,,,,,
1698090554278,,,,,,,,,
1698090554374,,,,,,,,,
1698090554461,,,,,,,,,
1698090554538,,,,,,,,,
1698090554627,,,,,,,,,
1698090554705,,,,,,,,,
1698090554789,,,,,,,,,
1698090554874,,,,,,,,,
1698090554970,,,,,,,,,
1698090555042,,,,,,,,,
1698090555119,,,,,,,,,
1698090555195,,,,,,,,,
1698090555272,,,,,,,,,
1698090555359,,,,,,,,,
1698090555456,,,,,,,,,
1698090555544,,,,,,,,,
1698090555650,,,,,,,,,
1698090555732,,,,,,,,,
1698090555810,,,,,,,,,
1698090555904,,,,,,,,,
1698090555994,,,,,,,,,
1698090556085,,,,,,,,,
1698090556161,,,,,,,,,
1698090556242,,,,,,,,,
1698090556325,,,,,,,,,
1698090556411,,,,,,,,,
1698090556485,,,,,,,,,
1698090556552,,,,,,,,,
1698090556622,,,,,,,,,
1698090556699,,,,,,,,,
1698090556777,,,,,,,,,
1698090556853,,,,,,,,,
1698090556925,,,,,,,,,
1698090557008,,,,,,,,,
1698090557089,,,,,,,,,
1698090557168,,,,,,,,,
1698090557238,,,,,,,,,
1698090557314,,,,,,,,,
1698090557402,,,,,,,,,
1698090557477,,,,,,,,,
1698090557557,,,,,,,,,
1698090557644,,,,,,,,,
1698090557721,,,,,,,,,
1698090557810,,,,,,,,,
1698090557891,,,,,,,,,
1698090557972,,,,,,,,,
1698090558039,,,,,,,,,
1698090558102,,,,,,,,,
1698090558170,,,,,,,,,
1698090558258,,,,,,,,,
1698090558336,,,,,,,,,
1698090558409,,,,,,,,,
1698090558493,,,,,,,,,
1698090558572,,,,,,,,,
1698090558658,,,,,,,,,
1698090558724,,,,,,,,,
1698090558810,mouseMoved,/src/TwoSum.java,0.3098958333333333,0.1527777777777778,3,6,white_space,,-
1698090558893,mouseMoved,/src/TwoSum.java,0.3098958333333333,0.1527777777777778,3,6,white_space,,-
1698090558985,,/src/TwoSum.java,0.3098958333333333,0.1527777777777778,3,6,white_space,,-
1698090559064,,/src/TwoSum.java,0.3098958333333333,0.1527777777777778,3,6,white_space,,-
1698090559176,mouseMoved,/src/TwoSum.java,0.3119791666666666,0.1537037037037037,3,6,white_space,,-
1698090559277,mouseMoved,/src/TwoSum.java,0.340625,0.1805555555555555,4,11,static_keyword,static,-
1698090559366,mouseMoved,/src/TwoSum.java,0.3953125,0.2287037037037037,6,22,white_space,,-
1698090559456,mouseMoved,/src/TwoSum.java,0.4317708333333333,0.2629629629629629,7,29,identifier,nums,-
1698090559558,mouseMoved,/src/TwoSum.java,0.4364583333333333,0.2703703703703703,7,30,identifier,nums,-
1698090559689,mouseMoved,/src/TwoSum.java,0.4385416666666666,0.2796296296296296,8,30,identifier,target,-
1698090559794,mouseMoved,/src/TwoSum.java,0.4390625,0.2814814814814815,8,30,identifier,target,-
1698090559883,mouseMoved,/src/TwoSum.java,0.4390625,0.2842592592592592,8,30,identifier,target,-
1698090559968,mouseMoved,/src/TwoSum.java,0.4791666666666667,0.3407407407407407,10,38,identifier,complement,-
1698090560066,mouseMoved,/src/TwoSum.java,0.4859375,0.3490740740740741,11,39,dot,.,-
1698090560157,mouseMoved,/src/TwoSum.java,0.4864583333333333,0.3527777777777778,11,39,dot,.,-
1698090560257,mouseMoved,/src/TwoSum.java,0.5041666666666667,0.4324074074074074,14,43,white_space,,-
1698090560348,mouseMoved,/src/TwoSum.java,0.5109375,0.4805555555555555,16,44,white_space,,-
1698090560450,,/src/TwoSum.java,0.5109375,0.4814814814814814,16,44,white_space,,-
1698090560536,,/src/TwoSum.java,0.5109375,0.4814814814814814,16,44,white_space,,-
1698090560617,mouseMoved,/src/TwoSum.java,0.5010416666666667,0.4722222222222222,15,42,white_space,,-
1698090560705,mouseMoved,/src/TwoSum.java,0.4989583333333333,0.4666666666666667,15,42,white_space,,-
1698090560785,,/src/TwoSum.java,0.4989583333333333,0.4666666666666667,15,42,white_space,,-
1698090560870,mouseMoved,/src/TwoSum.java,0.5114583333333333,0.4666666666666667,15,44,white_space,,-
1698090560970,,/src/TwoSum.java,0.5114583333333333,0.4666666666666667,15,44,white_space,,-
1698090561058,,/src/TwoSum.java,0.5114583333333333,0.4666666666666667,15,44,white_space,,-
1698090561156,mouseMoved,/src/TwoSum.java,0.515625,0.4611111111111111,15,45,white_space,,-
1698090561243,mouseMoved,/src/TwoSum.java,0.5161458333333333,0.4601851851851852,15,45,white_space,,-
1698090561331,mouseMoved,/src/TwoSum.java,0.5161458333333333,0.449074074074074,15,45,white_space,,-
1698090561398,mouseMoved,/src/TwoSum.java,0.5161458333333333,0.4342592592592592,14,45,white_space,,-
1698090561494,mouseMoved,/src/TwoSum.java,0.5208333333333334,0.4111111111111111,13,46,white_space,,-
1698090561576,mouseMoved,/src/TwoSum.java,0.5208333333333334,0.4092592592592592,13,46,white_space,,-
1698090561661,mouseMoved,/src/TwoSum.java,0.5161458333333333,0.4027777777777778,13,45,white_space,,-
1698090561750,,/src/TwoSum.java,0.515625,0.4027777777777778,14,45,white_space,,-
1698090561839,,/src/TwoSum.java,0.515625,0.4027777777777778,17,45,white_space,,-
1698090561931,,/src/TwoSum.java,0.515625,0.4027777777777778,19,45,white_space,,-
1698090562020,mouseMoved,/src/TwoSum.java,0.515625,0.4018518518518518,19,45,white_space,,-
1698090562102,,/src/TwoSum.java,0.515625,0.4018518518518518,19,45,white_space,,-
1698090562187,,/src/TwoSum.java,0.515625,0.4018518518518518,21,45,white_space,,-
1698090562273,,/src/TwoSum.java,0.515625,0.4018518518518518,23,45,white_space,,-
1698090562353,,/src/TwoSum.java,0.515625,0.4018518518518518,24,45,identifier,target,-
1698090562433,,/src/TwoSum.java,0.515625,0.4018518518518518,25,45,white_space,,-
1698090562530,,/src/TwoSum.java,0.515625,0.4018518518518518,25,45,white_space,,-
1698090562611,,/src/TwoSum.java,0.515625,0.4018518518518518,25,45,white_space,,-
1698090562700,,/src/TwoSum.java,0.515625,0.4018518518518518,25,45,white_space,,-
1698090562788,mouseMoved,/src/TwoSum.java,0.515625,0.4018518518518518,25,45,white_space,,-
1698090562859,mouseMoved,/src/TwoSum.java,0.5166666666666667,0.4,25,45,white_space,,-
1698090562921,mouseMoved,/src/TwoSum.java,0.5182291666666666,0.3907407407407407,24,46,rparenth,),-
1698090563003,mouseMoved,/src/TwoSum.java,0.5192708333333333,0.3861111111111111,24,46,rparenth,),-
1698090563085,mouseMoved,/src/TwoSum.java,0.5182291666666666,0.3833333333333333,24,46,rparenth,),-
1698090563162,mouseMoved,/src/TwoSum.java,0.5171875,0.3805555555555555,24,45,identifier,target,-
1698090563265,,/src/TwoSum.java,0.5171875,0.3805555555555555,24,45,identifier,target,-
1698090563362,mouseMoved,/src/TwoSum.java,0.5166666666666667,0.3824074074074074,24,45,identifier,target,-
1698090563460,mouseMoved,/src/TwoSum.java,0.5010416666666667,0.4018518518518518,25,42,white_space,,-
1698090563567,mouseMoved,/src/TwoSum.java,0.49375,0.4074074074074074,25,41,white_space,,-
1698090563659,,/src/TwoSum.java,0.49375,0.4074074074074074,25,41,white_space,,-
1698090563734,mousePressed,/src/TwoSum.java,0.49375,0.4074074074074074,25,41,white_space,,-
1698090563815,mouseReleased,/src/TwoSum.java,0.49375,0.4074074074074074,25,41,white_space,,-
1698090563900,mouseReleased,/src/TwoSum.java,0.49375,0.4074074074074074,25,41,white_space,,-
1698090563974,mouseReleased,/src/TwoSum.java,0.49375,0.4074074074074074,25,41,white_space,,-
1698090564046,mouseReleased,/src/TwoSum.java,0.49375,0.4074074074074074,25,41,white_space,,-
1698090564132,mouseMoved,/src/TwoSum.java,0.5,0.3962962962962963,24,42,identifier,target,-
1698090564220,mouseMoved,/src/TwoSum.java,0.4979166666666667,0.3898148148148148,24,42,identifier,target,-
1698090564296,mousePressed,/src/TwoSum.java,0.4979166666666667,0.3898148148148148,24,42,identifier,target,-
1698090564376,mouseMoved,/src/TwoSum.java,0.4979166666666667,0.3898148148148148,24,42,identifier,target,-
1698090564454,mouseMoved,/src/TwoSum.java,0.4760416666666666,0.3907407407407407,24,37,identifier,nums,-
1698090564543,mouseMoved,/src/TwoSum.java,0.4635416666666667,0.3925925925925926,24,35,identifier,nums,-
1698090564622,mouseMoved,/src/TwoSum.java,0.4572916666666666,0.3925925925925926,24,34,identifier,nums,-
1698090564692,mouseMoved,/src/TwoSum.java,0.4510416666666667,0.3925925925925926,24,33,lparenth,(,-
1698090564766,mouseMoved,/src/TwoSum.java,0.4505208333333333,0.3925925925925926,24,33,lparenth,(,-
1698090564850,mouseMoved,/src/TwoSum.java,0.44375,0.3925925925925926,24,31,identifier,findTwoSum,-
1698090564936,mouseMoved,/src/TwoSum.java,0.4416666666666666,0.3925925925925926,24,31,identifier,findTwoSum,-
1698090565023,,/src/TwoSum.java,0.4416666666666666,0.3925925925925926,24,31,identifier,findTwoSum,-
1698090565103,,/src/TwoSum.java,0.4416666666666666,0.3925925925925926,24,31,identifier,findTwoSum,-
1698090565178,mousePressed,/src/TwoSum.java,0.4416666666666666,0.3925925925925926,24,31,identifier,findTwoSum,-
1698090565264,mousePressed,/src/TwoSum.java,0.4416666666666666,0.3925925925925926,24,31,identifier,findTwoSum,-
1698090565349,mouseReleased,/src/TwoSum.java,0.4416666666666666,0.3925925925925926,11,31,rbracket,],-
1698090565440,mouseReleased,/src/TwoSum.java,0.4416666666666666,0.3925925925925926,11,31,rbracket,],-
1698090565538,mouseMoved,/src/TwoSum.java,0.4416666666666666,0.3925925925925926,11,31,rbracket,],-
1698090565608,mouseMoved,/src/TwoSum.java,0.4046875,0.21759259259259262,4,24,identifier,findTwoSum,-
1698090565674,mouseMoved,-,0.3734375,0.0777777777777777,-,-,-,-,Out of Text Editor
1698090565747,mouseReleased,-,0.371875,0.0685185185185185,-,-,-,-,Out of Text Editor
1698090565833,GotoDeclaration,-,0.3473958333333333,0.0555555555555555,-,-,-,-,Out of Text Editor
1698090565920,GotoDeclaration,-,0.3213541666666666,0.074074074074074,-,-,-,-,Out of Text Editor
1698090566009,GotoDeclaration,-,0.3151041666666667,0.0805555555555555,-,-,-,-,Out of Text Editor
1698090566086,GotoDeclaration,-,0.3151041666666667,0.0805555555555555,-,-,-,-,Out of Text Editor
1698090566163,GotoDeclaration,-,0.31328124999999996,0.0824074074074074,-,-,-,-,Out of Text Editor
1698090566247,GotoDeclaration,-,0.28125,0.087037037037037,-,-,-,-,Out of Text Editor
1698090566327,GotoDeclaration,-,0.2807291666666666,0.087037037037037,-,-,-,-,Out of Text Editor
1698090566402,GotoDeclaration,-,0.2807291666666666,0.087037037037037,-,-,-,-,Out of Text Editor
1698090566496,GotoDeclaration,-,0.2807291666666666,0.087037037037037,-,-,-,-,Out of Text Editor
1698090566578,mouseMoved,/src/TwoSum.java,0.2869791666666667,0.1,0,1,import_keyword,import,-
1698090566641,mouseMoved,/src/TwoSum.java,0.2875,0.1009259259259259,0,1,import_keyword,import,-
